<?xml version="1.0" encoding="UTF-8"?>
<spirit:component xmlns:xilinx="http://www.xilinx.com" xmlns:spirit="http://www.spiritconsortium.org/XMLSchema/SPIRIT/1685-2009" xmlns:xsi="http://www.w3.org/2001/XMLSchema-instance">
  <spirit:vendor>xilinx.com</spirit:vendor>
  <spirit:library>user</spirit:library>
  <spirit:name>My_PmodHB3</spirit:name>
  <spirit:version>1.0</spirit:version>
  <spirit:busInterfaces>
    <spirit:busInterface>
      <spirit:name>S00_AXI</spirit:name>
      <spirit:busType spirit:vendor="xilinx.com" spirit:library="interface" spirit:name="aximm" spirit:version="1.0"/>
      <spirit:abstractionType spirit:vendor="xilinx.com" spirit:library="interface" spirit:name="aximm_rtl" spirit:version="1.0"/>
      <spirit:slave>
        <spirit:memoryMapRef spirit:memoryMapRef="S00_AXI"/>
      </spirit:slave>
      <spirit:portMaps>
        <spirit:portMap>
          <spirit:logicalPort>
            <spirit:name>AWADDR</spirit:name>
          </spirit:logicalPort>
          <spirit:physicalPort>
            <spirit:name>s00_axi_awaddr</spirit:name>
          </spirit:physicalPort>
        </spirit:portMap>
        <spirit:portMap>
          <spirit:logicalPort>
            <spirit:name>AWPROT</spirit:name>
          </spirit:logicalPort>
          <spirit:physicalPort>
            <spirit:name>s00_axi_awprot</spirit:name>
          </spirit:physicalPort>
        </spirit:portMap>
        <spirit:portMap>
          <spirit:logicalPort>
            <spirit:name>AWVALID</spirit:name>
          </spirit:logicalPort>
          <spirit:physicalPort>
            <spirit:name>s00_axi_awvalid</spirit:name>
          </spirit:physicalPort>
        </spirit:portMap>
        <spirit:portMap>
          <spirit:logicalPort>
            <spirit:name>AWREADY</spirit:name>
          </spirit:logicalPort>
          <spirit:physicalPort>
            <spirit:name>s00_axi_awready</spirit:name>
          </spirit:physicalPort>
        </spirit:portMap>
        <spirit:portMap>
          <spirit:logicalPort>
            <spirit:name>WDATA</spirit:name>
          </spirit:logicalPort>
          <spirit:physicalPort>
            <spirit:name>s00_axi_wdata</spirit:name>
          </spirit:physicalPort>
        </spirit:portMap>
        <spirit:portMap>
          <spirit:logicalPort>
            <spirit:name>WSTRB</spirit:name>
          </spirit:logicalPort>
          <spirit:physicalPort>
            <spirit:name>s00_axi_wstrb</spirit:name>
          </spirit:physicalPort>
        </spirit:portMap>
        <spirit:portMap>
          <spirit:logicalPort>
            <spirit:name>WVALID</spirit:name>
          </spirit:logicalPort>
          <spirit:physicalPort>
            <spirit:name>s00_axi_wvalid</spirit:name>
          </spirit:physicalPort>
        </spirit:portMap>
        <spirit:portMap>
          <spirit:logicalPort>
            <spirit:name>WREADY</spirit:name>
          </spirit:logicalPort>
          <spirit:physicalPort>
            <spirit:name>s00_axi_wready</spirit:name>
          </spirit:physicalPort>
        </spirit:portMap>
        <spirit:portMap>
          <spirit:logicalPort>
            <spirit:name>BRESP</spirit:name>
          </spirit:logicalPort>
          <spirit:physicalPort>
            <spirit:name>s00_axi_bresp</spirit:name>
          </spirit:physicalPort>
        </spirit:portMap>
        <spirit:portMap>
          <spirit:logicalPort>
            <spirit:name>BVALID</spirit:name>
          </spirit:logicalPort>
          <spirit:physicalPort>
            <spirit:name>s00_axi_bvalid</spirit:name>
          </spirit:physicalPort>
        </spirit:portMap>
        <spirit:portMap>
          <spirit:logicalPort>
            <spirit:name>BREADY</spirit:name>
          </spirit:logicalPort>
          <spirit:physicalPort>
            <spirit:name>s00_axi_bready</spirit:name>
          </spirit:physicalPort>
        </spirit:portMap>
        <spirit:portMap>
          <spirit:logicalPort>
            <spirit:name>ARADDR</spirit:name>
          </spirit:logicalPort>
          <spirit:physicalPort>
            <spirit:name>s00_axi_araddr</spirit:name>
          </spirit:physicalPort>
        </spirit:portMap>
        <spirit:portMap>
          <spirit:logicalPort>
            <spirit:name>ARPROT</spirit:name>
          </spirit:logicalPort>
          <spirit:physicalPort>
            <spirit:name>s00_axi_arprot</spirit:name>
          </spirit:physicalPort>
        </spirit:portMap>
        <spirit:portMap>
          <spirit:logicalPort>
            <spirit:name>ARVALID</spirit:name>
          </spirit:logicalPort>
          <spirit:physicalPort>
            <spirit:name>s00_axi_arvalid</spirit:name>
          </spirit:physicalPort>
        </spirit:portMap>
        <spirit:portMap>
          <spirit:logicalPort>
            <spirit:name>ARREADY</spirit:name>
          </spirit:logicalPort>
          <spirit:physicalPort>
            <spirit:name>s00_axi_arready</spirit:name>
          </spirit:physicalPort>
        </spirit:portMap>
        <spirit:portMap>
          <spirit:logicalPort>
            <spirit:name>RDATA</spirit:name>
          </spirit:logicalPort>
          <spirit:physicalPort>
            <spirit:name>s00_axi_rdata</spirit:name>
          </spirit:physicalPort>
        </spirit:portMap>
        <spirit:portMap>
          <spirit:logicalPort>
            <spirit:name>RRESP</spirit:name>
          </spirit:logicalPort>
          <spirit:physicalPort>
            <spirit:name>s00_axi_rresp</spirit:name>
          </spirit:physicalPort>
        </spirit:portMap>
        <spirit:portMap>
          <spirit:logicalPort>
            <spirit:name>RVALID</spirit:name>
          </spirit:logicalPort>
          <spirit:physicalPort>
            <spirit:name>s00_axi_rvalid</spirit:name>
          </spirit:physicalPort>
        </spirit:portMap>
        <spirit:portMap>
          <spirit:logicalPort>
            <spirit:name>RREADY</spirit:name>
          </spirit:logicalPort>
          <spirit:physicalPort>
            <spirit:name>s00_axi_rready</spirit:name>
          </spirit:physicalPort>
        </spirit:portMap>
      </spirit:portMaps>
      <spirit:parameters>
        <spirit:parameter>
          <spirit:name>WIZ_DATA_WIDTH</spirit:name>
          <spirit:value spirit:format="long" spirit:id="BUSIFPARAM_VALUE.S00_AXI.WIZ_DATA_WIDTH" spirit:choiceRef="choice_list_6fc15197">32</spirit:value>
        </spirit:parameter>
        <spirit:parameter>
          <spirit:name>WIZ_NUM_REG</spirit:name>
          <spirit:value spirit:format="long" spirit:id="BUSIFPARAM_VALUE.S00_AXI.WIZ_NUM_REG" spirit:minimum="4" spirit:maximum="512" spirit:rangeType="long">16</spirit:value>
        </spirit:parameter>
        <spirit:parameter>
          <spirit:name>SUPPORTS_NARROW_BURST</spirit:name>
          <spirit:value spirit:format="long" spirit:id="BUSIFPARAM_VALUE.S00_AXI.SUPPORTS_NARROW_BURST" spirit:choiceRef="choice_pairs_ce1226b1">0</spirit:value>
        </spirit:parameter>
      </spirit:parameters>
    </spirit:busInterface>
    <spirit:busInterface>
      <spirit:name>S00_AXI_RST</spirit:name>
      <spirit:busType spirit:vendor="xilinx.com" spirit:library="signal" spirit:name="reset" spirit:version="1.0"/>
      <spirit:abstractionType spirit:vendor="xilinx.com" spirit:library="signal" spirit:name="reset_rtl" spirit:version="1.0"/>
      <spirit:slave/>
      <spirit:portMaps>
        <spirit:portMap>
          <spirit:logicalPort>
            <spirit:name>RST</spirit:name>
          </spirit:logicalPort>
          <spirit:physicalPort>
            <spirit:name>s00_axi_aresetn</spirit:name>
          </spirit:physicalPort>
        </spirit:portMap>
      </spirit:portMaps>
      <spirit:parameters>
        <spirit:parameter>
          <spirit:name>POLARITY</spirit:name>
          <spirit:value spirit:id="BUSIFPARAM_VALUE.S00_AXI_RST.POLARITY" spirit:choiceRef="choice_list_9d8b0d81">ACTIVE_LOW</spirit:value>
        </spirit:parameter>
      </spirit:parameters>
    </spirit:busInterface>
    <spirit:busInterface>
      <spirit:name>S00_AXI_CLK</spirit:name>
      <spirit:busType spirit:vendor="xilinx.com" spirit:library="signal" spirit:name="clock" spirit:version="1.0"/>
      <spirit:abstractionType spirit:vendor="xilinx.com" spirit:library="signal" spirit:name="clock_rtl" spirit:version="1.0"/>
      <spirit:slave/>
      <spirit:portMaps>
        <spirit:portMap>
          <spirit:logicalPort>
            <spirit:name>CLK</spirit:name>
          </spirit:logicalPort>
          <spirit:physicalPort>
            <spirit:name>s00_axi_aclk</spirit:name>
          </spirit:physicalPort>
        </spirit:portMap>
      </spirit:portMaps>
      <spirit:parameters>
        <spirit:parameter>
          <spirit:name>ASSOCIATED_BUSIF</spirit:name>
          <spirit:value spirit:id="BUSIFPARAM_VALUE.S00_AXI_CLK.ASSOCIATED_BUSIF">S00_AXI</spirit:value>
        </spirit:parameter>
        <spirit:parameter>
          <spirit:name>ASSOCIATED_RESET</spirit:name>
          <spirit:value spirit:id="BUSIFPARAM_VALUE.S00_AXI_CLK.ASSOCIATED_RESET">s00_axi_aresetn</spirit:value>
        </spirit:parameter>
      </spirit:parameters>
    </spirit:busInterface>
  </spirit:busInterfaces>
  <spirit:memoryMaps>
    <spirit:memoryMap>
      <spirit:name>S00_AXI</spirit:name>
      <spirit:addressBlock>
        <spirit:name>S00_AXI_reg</spirit:name>
        <spirit:baseAddress spirit:format="long" spirit:resolve="user">0</spirit:baseAddress>
        <spirit:range spirit:format="long">4096</spirit:range>
        <spirit:width spirit:format="long">32</spirit:width>
        <spirit:usage>register</spirit:usage>
        <spirit:parameters>
          <spirit:parameter>
            <spirit:name>OFFSET_BASE_PARAM</spirit:name>
            <spirit:value spirit:id="ADDRBLOCKPARAM_VALUE.S00_AXI.S00_AXI_REG.OFFSET_BASE_PARAM">C_S00_AXI_BASEADDR</spirit:value>
          </spirit:parameter>
          <spirit:parameter>
            <spirit:name>OFFSET_HIGH_PARAM</spirit:name>
            <spirit:value spirit:id="ADDRBLOCKPARAM_VALUE.S00_AXI.S00_AXI_REG.OFFSET_HIGH_PARAM">C_S00_AXI_HIGHADDR</spirit:value>
          </spirit:parameter>
        </spirit:parameters>
      </spirit:addressBlock>
    </spirit:memoryMap>
  </spirit:memoryMaps>
  <spirit:model>
    <spirit:views>
      <spirit:view>
        <spirit:name>xilinx_verilogsynthesis</spirit:name>
        <spirit:displayName>Verilog Synthesis</spirit:displayName>
        <spirit:envIdentifier>verilogSource:vivado.xilinx.com:synthesis</spirit:envIdentifier>
        <spirit:language>verilog</spirit:language>
        <spirit:modelName>My_PmodHB3_v1_0</spirit:modelName>
        <spirit:fileSetRef>
          <spirit:localName>xilinx_verilogsynthesis_view_fileset</spirit:localName>
        </spirit:fileSetRef>
        <spirit:parameters>
          <spirit:parameter>
            <spirit:name>viewChecksum</spirit:name>
            <spirit:value>3ddd29a5</spirit:value>
          </spirit:parameter>
        </spirit:parameters>
      </spirit:view>
      <spirit:view>
        <spirit:name>xilinx_verilogbehavioralsimulation</spirit:name>
        <spirit:displayName>Verilog Simulation</spirit:displayName>
        <spirit:envIdentifier>verilogSource:vivado.xilinx.com:simulation</spirit:envIdentifier>
        <spirit:language>verilog</spirit:language>
        <spirit:modelName>My_PmodHB3_v1_0</spirit:modelName>
        <spirit:fileSetRef>
          <spirit:localName>xilinx_verilogbehavioralsimulation_view_fileset</spirit:localName>
        </spirit:fileSetRef>
        <spirit:parameters>
          <spirit:parameter>
            <spirit:name>viewChecksum</spirit:name>
            <spirit:value>3ddd29a5</spirit:value>
          </spirit:parameter>
        </spirit:parameters>
      </spirit:view>
      <spirit:view>
        <spirit:name>xilinx_softwaredriver</spirit:name>
        <spirit:displayName>Software Driver</spirit:displayName>
        <spirit:envIdentifier>:vivado.xilinx.com:sw.driver</spirit:envIdentifier>
        <spirit:fileSetRef>
          <spirit:localName>xilinx_softwaredriver_view_fileset</spirit:localName>
        </spirit:fileSetRef>
        <spirit:parameters>
          <spirit:parameter>
            <spirit:name>viewChecksum</spirit:name>
            <spirit:value>32a89848</spirit:value>
          </spirit:parameter>
        </spirit:parameters>
      </spirit:view>
      <spirit:view>
        <spirit:name>xilinx_xpgui</spirit:name>
        <spirit:displayName>UI Layout</spirit:displayName>
        <spirit:envIdentifier>:vivado.xilinx.com:xgui.ui</spirit:envIdentifier>
        <spirit:fileSetRef>
          <spirit:localName>xilinx_xpgui_view_fileset</spirit:localName>
        </spirit:fileSetRef>
        <spirit:parameters>
          <spirit:parameter>
            <spirit:name>viewChecksum</spirit:name>
            <spirit:value>0e5443b4</spirit:value>
          </spirit:parameter>
        </spirit:parameters>
      </spirit:view>
      <spirit:view>
        <spirit:name>bd_tcl</spirit:name>
        <spirit:displayName>Block Diagram</spirit:displayName>
        <spirit:envIdentifier>:vivado.xilinx.com:block.diagram</spirit:envIdentifier>
        <spirit:fileSetRef>
          <spirit:localName>bd_tcl_view_fileset</spirit:localName>
        </spirit:fileSetRef>
        <spirit:parameters>
          <spirit:parameter>
            <spirit:name>viewChecksum</spirit:name>
            <spirit:value>16328387</spirit:value>
          </spirit:parameter>
        </spirit:parameters>
      </spirit:view>
    </spirit:views>
    <spirit:ports>
      <spirit:port>
        <spirit:name>s00_axi_aclk</spirit:name>
        <spirit:wire>
          <spirit:direction>in</spirit:direction>
          <spirit:wireTypeDefs>
            <spirit:wireTypeDef>
              <spirit:typeName>wire</spirit:typeName>
              <spirit:viewNameRef>xilinx_verilogsynthesis</spirit:viewNameRef>
              <spirit:viewNameRef>xilinx_verilogbehavioralsimulation</spirit:viewNameRef>
            </spirit:wireTypeDef>
          </spirit:wireTypeDefs>
        </spirit:wire>
      </spirit:port>
      <spirit:port>
        <spirit:name>s00_axi_aresetn</spirit:name>
        <spirit:wire>
          <spirit:direction>in</spirit:direction>
          <spirit:wireTypeDefs>
            <spirit:wireTypeDef>
              <spirit:typeName>wire</spirit:typeName>
              <spirit:viewNameRef>xilinx_verilogsynthesis</spirit:viewNameRef>
              <spirit:viewNameRef>xilinx_verilogbehavioralsimulation</spirit:viewNameRef>
            </spirit:wireTypeDef>
          </spirit:wireTypeDefs>
        </spirit:wire>
      </spirit:port>
      <spirit:port>
        <spirit:name>s00_axi_awaddr</spirit:name>
        <spirit:wire>
          <spirit:direction>in</spirit:direction>
          <spirit:vector>
            <spirit:left spirit:format="long" spirit:resolve="dependent" spirit:dependency="(spirit:decode(id(&apos;MODELPARAM_VALUE.C_S00_AXI_ADDR_WIDTH&apos;)) - 1)">5</spirit:left>
            <spirit:right spirit:format="long">0</spirit:right>
          </spirit:vector>
          <spirit:wireTypeDefs>
            <spirit:wireTypeDef>
              <spirit:typeName>wire</spirit:typeName>
              <spirit:viewNameRef>xilinx_verilogsynthesis</spirit:viewNameRef>
              <spirit:viewNameRef>xilinx_verilogbehavioralsimulation</spirit:viewNameRef>
            </spirit:wireTypeDef>
          </spirit:wireTypeDefs>
        </spirit:wire>
      </spirit:port>
      <spirit:port>
        <spirit:name>s00_axi_awprot</spirit:name>
        <spirit:wire>
          <spirit:direction>in</spirit:direction>
          <spirit:vector>
            <spirit:left spirit:format="long">2</spirit:left>
            <spirit:right spirit:format="long">0</spirit:right>
          </spirit:vector>
          <spirit:wireTypeDefs>
            <spirit:wireTypeDef>
              <spirit:typeName>wire</spirit:typeName>
              <spirit:viewNameRef>xilinx_verilogsynthesis</spirit:viewNameRef>
              <spirit:viewNameRef>xilinx_verilogbehavioralsimulation</spirit:viewNameRef>
            </spirit:wireTypeDef>
          </spirit:wireTypeDefs>
        </spirit:wire>
      </spirit:port>
      <spirit:port>
        <spirit:name>s00_axi_awvalid</spirit:name>
        <spirit:wire>
          <spirit:direction>in</spirit:direction>
          <spirit:wireTypeDefs>
            <spirit:wireTypeDef>
              <spirit:typeName>wire</spirit:typeName>
              <spirit:viewNameRef>xilinx_verilogsynthesis</spirit:viewNameRef>
              <spirit:viewNameRef>xilinx_verilogbehavioralsimulation</spirit:viewNameRef>
            </spirit:wireTypeDef>
          </spirit:wireTypeDefs>
        </spirit:wire>
      </spirit:port>
      <spirit:port>
        <spirit:name>s00_axi_awready</spirit:name>
        <spirit:wire>
          <spirit:direction>out</spirit:direction>
          <spirit:wireTypeDefs>
            <spirit:wireTypeDef>
              <spirit:typeName>wire</spirit:typeName>
              <spirit:viewNameRef>xilinx_verilogsynthesis</spirit:viewNameRef>
              <spirit:viewNameRef>xilinx_verilogbehavioralsimulation</spirit:viewNameRef>
            </spirit:wireTypeDef>
          </spirit:wireTypeDefs>
        </spirit:wire>
      </spirit:port>
      <spirit:port>
        <spirit:name>s00_axi_wdata</spirit:name>
        <spirit:wire>
          <spirit:direction>in</spirit:direction>
          <spirit:vector>
            <spirit:left spirit:format="long" spirit:resolve="dependent" spirit:dependency="(spirit:decode(id(&apos;MODELPARAM_VALUE.C_S00_AXI_DATA_WIDTH&apos;)) - 1)">31</spirit:left>
            <spirit:right spirit:format="long">0</spirit:right>
          </spirit:vector>
          <spirit:wireTypeDefs>
            <spirit:wireTypeDef>
              <spirit:typeName>wire</spirit:typeName>
              <spirit:viewNameRef>xilinx_verilogsynthesis</spirit:viewNameRef>
              <spirit:viewNameRef>xilinx_verilogbehavioralsimulation</spirit:viewNameRef>
            </spirit:wireTypeDef>
          </spirit:wireTypeDefs>
        </spirit:wire>
      </spirit:port>
      <spirit:port>
        <spirit:name>s00_axi_wstrb</spirit:name>
        <spirit:wire>
          <spirit:direction>in</spirit:direction>
          <spirit:vector>
            <spirit:left spirit:format="long" spirit:resolve="dependent" spirit:dependency="((spirit:decode(id(&apos;MODELPARAM_VALUE.C_S00_AXI_DATA_WIDTH&apos;)) / 8) - 1)">3</spirit:left>
            <spirit:right spirit:format="long">0</spirit:right>
          </spirit:vector>
          <spirit:wireTypeDefs>
            <spirit:wireTypeDef>
              <spirit:typeName>wire</spirit:typeName>
              <spirit:viewNameRef>xilinx_verilogsynthesis</spirit:viewNameRef>
              <spirit:viewNameRef>xilinx_verilogbehavioralsimulation</spirit:viewNameRef>
            </spirit:wireTypeDef>
          </spirit:wireTypeDefs>
        </spirit:wire>
      </spirit:port>
      <spirit:port>
        <spirit:name>s00_axi_wvalid</spirit:name>
        <spirit:wire>
          <spirit:direction>in</spirit:direction>
          <spirit:wireTypeDefs>
            <spirit:wireTypeDef>
              <spirit:typeName>wire</spirit:typeName>
              <spirit:viewNameRef>xilinx_verilogsynthesis</spirit:viewNameRef>
              <spirit:viewNameRef>xilinx_verilogbehavioralsimulation</spirit:viewNameRef>
            </spirit:wireTypeDef>
          </spirit:wireTypeDefs>
        </spirit:wire>
      </spirit:port>
      <spirit:port>
        <spirit:name>s00_axi_wready</spirit:name>
        <spirit:wire>
          <spirit:direction>out</spirit:direction>
          <spirit:wireTypeDefs>
            <spirit:wireTypeDef>
              <spirit:typeName>wire</spirit:typeName>
              <spirit:viewNameRef>xilinx_verilogsynthesis</spirit:viewNameRef>
              <spirit:viewNameRef>xilinx_verilogbehavioralsimulation</spirit:viewNameRef>
            </spirit:wireTypeDef>
          </spirit:wireTypeDefs>
        </spirit:wire>
      </spirit:port>
      <spirit:port>
        <spirit:name>s00_axi_bresp</spirit:name>
        <spirit:wire>
          <spirit:direction>out</spirit:direction>
          <spirit:vector>
            <spirit:left spirit:format="long">1</spirit:left>
            <spirit:right spirit:format="long">0</spirit:right>
          </spirit:vector>
          <spirit:wireTypeDefs>
            <spirit:wireTypeDef>
              <spirit:typeName>wire</spirit:typeName>
              <spirit:viewNameRef>xilinx_verilogsynthesis</spirit:viewNameRef>
              <spirit:viewNameRef>xilinx_verilogbehavioralsimulation</spirit:viewNameRef>
            </spirit:wireTypeDef>
          </spirit:wireTypeDefs>
        </spirit:wire>
      </spirit:port>
      <spirit:port>
        <spirit:name>s00_axi_bvalid</spirit:name>
        <spirit:wire>
          <spirit:direction>out</spirit:direction>
          <spirit:wireTypeDefs>
            <spirit:wireTypeDef>
              <spirit:typeName>wire</spirit:typeName>
              <spirit:viewNameRef>xilinx_verilogsynthesis</spirit:viewNameRef>
              <spirit:viewNameRef>xilinx_verilogbehavioralsimulation</spirit:viewNameRef>
            </spirit:wireTypeDef>
          </spirit:wireTypeDefs>
        </spirit:wire>
      </spirit:port>
      <spirit:port>
        <spirit:name>s00_axi_bready</spirit:name>
        <spirit:wire>
          <spirit:direction>in</spirit:direction>
          <spirit:wireTypeDefs>
            <spirit:wireTypeDef>
              <spirit:typeName>wire</spirit:typeName>
              <spirit:viewNameRef>xilinx_verilogsynthesis</spirit:viewNameRef>
              <spirit:viewNameRef>xilinx_verilogbehavioralsimulation</spirit:viewNameRef>
            </spirit:wireTypeDef>
          </spirit:wireTypeDefs>
        </spirit:wire>
      </spirit:port>
      <spirit:port>
        <spirit:name>s00_axi_araddr</spirit:name>
        <spirit:wire>
          <spirit:direction>in</spirit:direction>
          <spirit:vector>
            <spirit:left spirit:format="long" spirit:resolve="dependent" spirit:dependency="(spirit:decode(id(&apos;MODELPARAM_VALUE.C_S00_AXI_ADDR_WIDTH&apos;)) - 1)">5</spirit:left>
            <spirit:right spirit:format="long">0</spirit:right>
          </spirit:vector>
          <spirit:wireTypeDefs>
            <spirit:wireTypeDef>
              <spirit:typeName>wire</spirit:typeName>
              <spirit:viewNameRef>xilinx_verilogsynthesis</spirit:viewNameRef>
              <spirit:viewNameRef>xilinx_verilogbehavioralsimulation</spirit:viewNameRef>
            </spirit:wireTypeDef>
          </spirit:wireTypeDefs>
        </spirit:wire>
      </spirit:port>
      <spirit:port>
        <spirit:name>s00_axi_arprot</spirit:name>
        <spirit:wire>
          <spirit:direction>in</spirit:direction>
          <spirit:vector>
            <spirit:left spirit:format="long">2</spirit:left>
            <spirit:right spirit:format="long">0</spirit:right>
          </spirit:vector>
          <spirit:wireTypeDefs>
            <spirit:wireTypeDef>
              <spirit:typeName>wire</spirit:typeName>
              <spirit:viewNameRef>xilinx_verilogsynthesis</spirit:viewNameRef>
              <spirit:viewNameRef>xilinx_verilogbehavioralsimulation</spirit:viewNameRef>
            </spirit:wireTypeDef>
          </spirit:wireTypeDefs>
        </spirit:wire>
      </spirit:port>
      <spirit:port>
        <spirit:name>s00_axi_arvalid</spirit:name>
        <spirit:wire>
          <spirit:direction>in</spirit:direction>
          <spirit:wireTypeDefs>
            <spirit:wireTypeDef>
              <spirit:typeName>wire</spirit:typeName>
              <spirit:viewNameRef>xilinx_verilogsynthesis</spirit:viewNameRef>
              <spirit:viewNameRef>xilinx_verilogbehavioralsimulation</spirit:viewNameRef>
            </spirit:wireTypeDef>
          </spirit:wireTypeDefs>
        </spirit:wire>
      </spirit:port>
      <spirit:port>
        <spirit:name>s00_axi_arready</spirit:name>
        <spirit:wire>
          <spirit:direction>out</spirit:direction>
          <spirit:wireTypeDefs>
            <spirit:wireTypeDef>
              <spirit:typeName>wire</spirit:typeName>
              <spirit:viewNameRef>xilinx_verilogsynthesis</spirit:viewNameRef>
              <spirit:viewNameRef>xilinx_verilogbehavioralsimulation</spirit:viewNameRef>
            </spirit:wireTypeDef>
          </spirit:wireTypeDefs>
        </spirit:wire>
      </spirit:port>
      <spirit:port>
        <spirit:name>s00_axi_rdata</spirit:name>
        <spirit:wire>
          <spirit:direction>out</spirit:direction>
          <spirit:vector>
            <spirit:left spirit:format="long" spirit:resolve="dependent" spirit:dependency="(spirit:decode(id(&apos;MODELPARAM_VALUE.C_S00_AXI_DATA_WIDTH&apos;)) - 1)">31</spirit:left>
            <spirit:right spirit:format="long">0</spirit:right>
          </spirit:vector>
          <spirit:wireTypeDefs>
            <spirit:wireTypeDef>
              <spirit:typeName>wire</spirit:typeName>
              <spirit:viewNameRef>xilinx_verilogsynthesis</spirit:viewNameRef>
              <spirit:viewNameRef>xilinx_verilogbehavioralsimulation</spirit:viewNameRef>
            </spirit:wireTypeDef>
          </spirit:wireTypeDefs>
        </spirit:wire>
      </spirit:port>
      <spirit:port>
        <spirit:name>s00_axi_rresp</spirit:name>
        <spirit:wire>
          <spirit:direction>out</spirit:direction>
          <spirit:vector>
            <spirit:left spirit:format="long">1</spirit:left>
            <spirit:right spirit:format="long">0</spirit:right>
          </spirit:vector>
          <spirit:wireTypeDefs>
            <spirit:wireTypeDef>
              <spirit:typeName>wire</spirit:typeName>
              <spirit:viewNameRef>xilinx_verilogsynthesis</spirit:viewNameRef>
              <spirit:viewNameRef>xilinx_verilogbehavioralsimulation</spirit:viewNameRef>
            </spirit:wireTypeDef>
          </spirit:wireTypeDefs>
        </spirit:wire>
      </spirit:port>
      <spirit:port>
        <spirit:name>s00_axi_rvalid</spirit:name>
        <spirit:wire>
          <spirit:direction>out</spirit:direction>
          <spirit:wireTypeDefs>
            <spirit:wireTypeDef>
              <spirit:typeName>wire</spirit:typeName>
              <spirit:viewNameRef>xilinx_verilogsynthesis</spirit:viewNameRef>
              <spirit:viewNameRef>xilinx_verilogbehavioralsimulation</spirit:viewNameRef>
            </spirit:wireTypeDef>
          </spirit:wireTypeDefs>
        </spirit:wire>
      </spirit:port>
      <spirit:port>
        <spirit:name>s00_axi_rready</spirit:name>
        <spirit:wire>
          <spirit:direction>in</spirit:direction>
          <spirit:wireTypeDefs>
            <spirit:wireTypeDef>
              <spirit:typeName>wire</spirit:typeName>
              <spirit:viewNameRef>xilinx_verilogsynthesis</spirit:viewNameRef>
              <spirit:viewNameRef>xilinx_verilogbehavioralsimulation</spirit:viewNameRef>
            </spirit:wireTypeDef>
          </spirit:wireTypeDefs>
        </spirit:wire>
      </spirit:port>
      <spirit:port>
        <spirit:name>pwm_signal</spirit:name>
        <spirit:wire>
          <spirit:direction>in</spirit:direction>
          <spirit:wireTypeDefs>
            <spirit:wireTypeDef>
              <spirit:typeName>wire</spirit:typeName>
              <spirit:viewNameRef>xilinx_verilogsynthesis</spirit:viewNameRef>
              <spirit:viewNameRef>xilinx_verilogbehavioralsimulation</spirit:viewNameRef>
            </spirit:wireTypeDef>
          </spirit:wireTypeDefs>
        </spirit:wire>
      </spirit:port>
      <spirit:port>
        <spirit:name>jc_pin3_io</spirit:name>
        <spirit:wire>
          <spirit:direction>out</spirit:direction>
          <spirit:wireTypeDefs>
            <spirit:wireTypeDef>
              <spirit:typeName>wire</spirit:typeName>
              <spirit:viewNameRef>xilinx_verilogsynthesis</spirit:viewNameRef>
              <spirit:viewNameRef>xilinx_verilogbehavioralsimulation</spirit:viewNameRef>
            </spirit:wireTypeDef>
          </spirit:wireTypeDefs>
        </spirit:wire>
      </spirit:port>
      <spirit:port>
        <spirit:name>jc_pin4_io</spirit:name>
        <spirit:wire>
          <spirit:direction>out</spirit:direction>
          <spirit:wireTypeDefs>
            <spirit:wireTypeDef>
              <spirit:typeName>wire</spirit:typeName>
              <spirit:viewNameRef>xilinx_verilogsynthesis</spirit:viewNameRef>
              <spirit:viewNameRef>xilinx_verilogbehavioralsimulation</spirit:viewNameRef>
            </spirit:wireTypeDef>
          </spirit:wireTypeDefs>
        </spirit:wire>
      </spirit:port>
      <spirit:port>
        <spirit:name>jc_pin2_io</spirit:name>
        <spirit:wire>
          <spirit:direction>in</spirit:direction>
          <spirit:wireTypeDefs>
            <spirit:wireTypeDef>
              <spirit:typeName>wire</spirit:typeName>
              <spirit:viewNameRef>xilinx_verilogsynthesis</spirit:viewNameRef>
              <spirit:viewNameRef>xilinx_verilogbehavioralsimulation</spirit:viewNameRef>
            </spirit:wireTypeDef>
          </spirit:wireTypeDefs>
        </spirit:wire>
      </spirit:port>
    </spirit:ports>
    <spirit:modelParameters>
      <spirit:modelParameter xsi:type="spirit:nameValueTypeType" spirit:dataType="integer">
        <spirit:name>C_S00_AXI_DATA_WIDTH</spirit:name>
        <spirit:displayName>C S00 AXI DATA WIDTH</spirit:displayName>
        <spirit:description>Width of S_AXI data bus</spirit:description>
        <spirit:value spirit:format="long" spirit:resolve="generated" spirit:id="MODELPARAM_VALUE.C_S00_AXI_DATA_WIDTH" spirit:order="3" spirit:rangeType="long">32</spirit:value>
      </spirit:modelParameter>
      <spirit:modelParameter spirit:dataType="integer">
        <spirit:name>C_S00_AXI_ADDR_WIDTH</spirit:name>
        <spirit:displayName>C S00 AXI ADDR WIDTH</spirit:displayName>
        <spirit:description>Width of S_AXI address bus</spirit:description>
        <spirit:value spirit:format="long" spirit:resolve="generated" spirit:id="MODELPARAM_VALUE.C_S00_AXI_ADDR_WIDTH" spirit:order="4" spirit:rangeType="long">6</spirit:value>
      </spirit:modelParameter>
    </spirit:modelParameters>
  </spirit:model>
  <spirit:choices>
    <spirit:choice>
      <spirit:name>choice_list_6fc15197</spirit:name>
      <spirit:enumeration>32</spirit:enumeration>
    </spirit:choice>
    <spirit:choice>
      <spirit:name>choice_list_9d8b0d81</spirit:name>
      <spirit:enumeration>ACTIVE_HIGH</spirit:enumeration>
      <spirit:enumeration>ACTIVE_LOW</spirit:enumeration>
    </spirit:choice>
    <spirit:choice>
      <spirit:name>choice_pairs_ce1226b1</spirit:name>
      <spirit:enumeration spirit:text="true">1</spirit:enumeration>
      <spirit:enumeration spirit:text="false">0</spirit:enumeration>
    </spirit:choice>
  </spirit:choices>
  <spirit:fileSets>
    <spirit:fileSet>
      <spirit:name>xilinx_verilogsynthesis_view_fileset</spirit:name>
      <spirit:file>
        <spirit:name>hdl/My_PmodHB3_v1_0_S00_AXI.v</spirit:name>
        <spirit:fileType>verilogSource</spirit:fileType>
      </spirit:file>
      <spirit:file>
        <spirit:name>hdl/My_PmodHB3_v1_0.v</spirit:name>
        <spirit:fileType>verilogSource</spirit:fileType>
        <spirit:userFileType>CHECKSUM_e7b82aeb</spirit:userFileType>
      </spirit:file>
    </spirit:fileSet>
    <spirit:fileSet>
      <spirit:name>xilinx_verilogbehavioralsimulation_view_fileset</spirit:name>
      <spirit:file>
        <spirit:name>hdl/My_PmodHB3_v1_0_S00_AXI.v</spirit:name>
        <spirit:fileType>verilogSource</spirit:fileType>
      </spirit:file>
      <spirit:file>
        <spirit:name>hdl/My_PmodHB3_v1_0.v</spirit:name>
        <spirit:fileType>verilogSource</spirit:fileType>
      </spirit:file>
    </spirit:fileSet>
    <spirit:fileSet>
      <spirit:name>xilinx_softwaredriver_view_fileset</spirit:name>
      <spirit:file>
        <spirit:name>drivers/My_PmodHB3_v1_0/data/My_PmodHB3.mdd</spirit:name>
        <spirit:userFileType>mdd</spirit:userFileType>
        <spirit:userFileType>driver_mdd</spirit:userFileType>
      </spirit:file>
      <spirit:file>
        <spirit:name>drivers/My_PmodHB3_v1_0/data/My_PmodHB3.tcl</spirit:name>
        <spirit:fileType>tclSource</spirit:fileType>
        <spirit:userFileType>driver_tcl</spirit:userFileType>
      </spirit:file>
      <spirit:file>
        <spirit:name>drivers/My_PmodHB3_v1_0/src/Makefile</spirit:name>
        <spirit:userFileType>driver_src</spirit:userFileType>
      </spirit:file>
      <spirit:file>
        <spirit:name>drivers/My_PmodHB3_v1_0/src/My_PmodHB3.h</spirit:name>
        <spirit:fileType>cSource</spirit:fileType>
        <spirit:userFileType>driver_src</spirit:userFileType>
      </spirit:file>
      <spirit:file>
        <spirit:name>drivers/My_PmodHB3_v1_0/src/My_PmodHB3.c</spirit:name>
        <spirit:fileType>cSource</spirit:fileType>
        <spirit:userFileType>driver_src</spirit:userFileType>
      </spirit:file>
      <spirit:file>
        <spirit:name>drivers/My_PmodHB3_v1_0/src/My_PmodHB3_selftest.c</spirit:name>
        <spirit:fileType>cSource</spirit:fileType>
        <spirit:userFileType>driver_src</spirit:userFileType>
      </spirit:file>
    </spirit:fileSet>
    <spirit:fileSet>
      <spirit:name>xilinx_xpgui_view_fileset</spirit:name>
      <spirit:file>
        <spirit:name>xgui/My_PmodHB3_v1_0.tcl</spirit:name>
        <spirit:fileType>tclSource</spirit:fileType>
        <spirit:userFileType>CHECKSUM_0e5443b4</spirit:userFileType>
        <spirit:userFileType>XGUI_VERSION_2</spirit:userFileType>
      </spirit:file>
    </spirit:fileSet>
    <spirit:fileSet>
      <spirit:name>bd_tcl_view_fileset</spirit:name>
      <spirit:file>
        <spirit:name>bd/bd.tcl</spirit:name>
        <spirit:fileType>tclSource</spirit:fileType>
      </spirit:file>
    </spirit:fileSet>
  </spirit:fileSets>
  <spirit:description>Chase Bradley-West - Pmod HB3 Driver</spirit:description>
  <spirit:parameters>
    <spirit:parameter>
      <spirit:name>C_S00_AXI_DATA_WIDTH</spirit:name>
      <spirit:displayName>C S00 AXI DATA WIDTH</spirit:displayName>
      <spirit:description>Width of S_AXI data bus</spirit:description>
      <spirit:value spirit:format="long" spirit:resolve="user" spirit:id="PARAM_VALUE.C_S00_AXI_DATA_WIDTH" spirit:choiceRef="choice_list_6fc15197" spirit:order="3">32</spirit:value>
      <spirit:vendorExtensions>
        <xilinx:parameterInfo>
          <xilinx:enablement>
            <xilinx:isEnabled xilinx:id="PARAM_ENABLEMENT.C_S00_AXI_DATA_WIDTH">false</xilinx:isEnabled>
          </xilinx:enablement>
        </xilinx:parameterInfo>
      </spirit:vendorExtensions>
    </spirit:parameter>
    <spirit:parameter>
      <spirit:name>C_S00_AXI_ADDR_WIDTH</spirit:name>
      <spirit:displayName>C S00 AXI ADDR WIDTH</spirit:displayName>
      <spirit:description>Width of S_AXI address bus</spirit:description>
      <spirit:value spirit:format="long" spirit:resolve="user" spirit:id="PARAM_VALUE.C_S00_AXI_ADDR_WIDTH" spirit:order="4" spirit:rangeType="long">6</spirit:value>
      <spirit:vendorExtensions>
        <xilinx:parameterInfo>
          <xilinx:enablement>
            <xilinx:isEnabled xilinx:id="PARAM_ENABLEMENT.C_S00_AXI_ADDR_WIDTH">false</xilinx:isEnabled>
          </xilinx:enablement>
        </xilinx:parameterInfo>
      </spirit:vendorExtensions>
    </spirit:parameter>
    <spirit:parameter>
      <spirit:name>C_S00_AXI_BASEADDR</spirit:name>
      <spirit:displayName>C S00 AXI BASEADDR</spirit:displayName>
      <spirit:value spirit:format="bitString" spirit:resolve="user" spirit:id="PARAM_VALUE.C_S00_AXI_BASEADDR" spirit:order="5" spirit:bitStringLength="32">0xFFFFFFFF</spirit:value>
      <spirit:vendorExtensions>
        <xilinx:parameterInfo>
          <xilinx:enablement>
            <xilinx:isEnabled xilinx:id="PARAM_ENABLEMENT.C_S00_AXI_BASEADDR">false</xilinx:isEnabled>
          </xilinx:enablement>
        </xilinx:parameterInfo>
      </spirit:vendorExtensions>
    </spirit:parameter>
    <spirit:parameter>
      <spirit:name>C_S00_AXI_HIGHADDR</spirit:name>
      <spirit:displayName>C S00 AXI HIGHADDR</spirit:displayName>
      <spirit:value spirit:format="bitString" spirit:resolve="user" spirit:id="PARAM_VALUE.C_S00_AXI_HIGHADDR" spirit:order="6" spirit:bitStringLength="32">0x00000000</spirit:value>
      <spirit:vendorExtensions>
        <xilinx:parameterInfo>
          <xilinx:enablement>
            <xilinx:isEnabled xilinx:id="PARAM_ENABLEMENT.C_S00_AXI_HIGHADDR">false</xilinx:isEnabled>
          </xilinx:enablement>
        </xilinx:parameterInfo>
      </spirit:vendorExtensions>
    </spirit:parameter>
    <spirit:parameter>
      <spirit:name>Component_Name</spirit:name>
      <spirit:value spirit:resolve="user" spirit:id="PARAM_VALUE.Component_Name" spirit:order="1">My_PmodHB3_v1_0</spirit:value>
    </spirit:parameter>
  </spirit:parameters>
  <spirit:vendorExtensions>
    <xilinx:coreExtensions>
      <xilinx:supportedFamilies>
        <xilinx:family xilinx:lifeCycle="Pre-Production">artix7</xilinx:family>
      </xilinx:supportedFamilies>
      <xilinx:taxonomies>
        <xilinx:taxonomy>AXI_Peripheral</xilinx:taxonomy>
      </xilinx:taxonomies>
      <xilinx:displayName>My_PmodHB3_v1.0</xilinx:displayName>
      <xilinx:coreRevision>38</xilinx:coreRevision>
      <xilinx:coreCreationDateTime>2022-05-23T15:42:23Z</xilinx:coreCreationDateTime>
      <xilinx:tags>
        <xilinx:tag xilinx:name="ui.data.coregen.dd@19a36ed8_ARCHIVE_LOCATION">c:/Users/Chase/ip_repo/My_PmodHB3_1.0</xilinx:tag>
        <xilinx:tag xilinx:name="ui.data.coregen.dd@5eb92c8b_ARCHIVE_LOCATION">c:/Users/Chase/ip_repo/My_PmodHB3_1.0</xilinx:tag>
        <xilinx:tag xilinx:name="ui.data.coregen.dd@74d4ca9c_ARCHIVE_LOCATION">c:/Users/Chase/ip_repo/My_PmodHB3_1.0</xilinx:tag>
        <xilinx:tag xilinx:name="ui.data.coregen.dd@3624cea7_ARCHIVE_LOCATION">c:/Users/Chase/ip_repo/My_PmodHB3_1.0</xilinx:tag>
        <xilinx:tag xilinx:name="ui.data.coregen.dd@2f102333_ARCHIVE_LOCATION">c:/Users/Chase/ip_repo/My_PmodHB3_1.0</xilinx:tag>
        <xilinx:tag xilinx:name="ui.data.coregen.dd@1d0b6d25_ARCHIVE_LOCATION">c:/Users/Chase/ip_repo/My_PmodHB3_1.0</xilinx:tag>
        <xilinx:tag xilinx:name="ui.data.coregen.dd@b780251_ARCHIVE_LOCATION">c:/Users/Chase/ip_repo/My_PmodHB3_1.0</xilinx:tag>
        <xilinx:tag xilinx:name="ui.data.coregen.dd@7b190e9e_ARCHIVE_LOCATION">c:/Users/Chase/ip_repo/My_PmodHB3_1.0</xilinx:tag>
        <xilinx:tag xilinx:name="ui.data.coregen.dd@7bad0812_ARCHIVE_LOCATION">c:/Users/Chase/ip_repo/My_PmodHB3_1.0</xilinx:tag>
        <xilinx:tag xilinx:name="ui.data.coregen.dd@176f9437_ARCHIVE_LOCATION">c:/Users/Chase/ip_repo/My_PmodHB3_1.0</xilinx:tag>
        <xilinx:tag xilinx:name="ui.data.coregen.dd@6fe12650_ARCHIVE_LOCATION">c:/Users/Chase/ip_repo/My_PmodHB3_1.0</xilinx:tag>
        <xilinx:tag xilinx:name="ui.data.coregen.dd@31ce1cb2_ARCHIVE_LOCATION">c:/Users/Chase/ip_repo/My_PmodHB3_1.0</xilinx:tag>
        <xilinx:tag xilinx:name="ui.data.coregen.dd@4af7bcfe_ARCHIVE_LOCATION">c:/Users/Chase/ip_repo/My_PmodHB3_1.0</xilinx:tag>
        <xilinx:tag xilinx:name="ui.data.coregen.dd@7e32aa87_ARCHIVE_LOCATION">c:/Users/Chase/ip_repo/My_PmodHB3_1.0</xilinx:tag>
        <xilinx:tag xilinx:name="ui.data.coregen.dd@2709019d_ARCHIVE_LOCATION">c:/Users/Chase/ip_repo/My_PmodHB3_1.0</xilinx:tag>
        <xilinx:tag xilinx:name="ui.data.coregen.dd@476c6f50_ARCHIVE_LOCATION">c:/Users/Chase/ip_repo/My_PmodHB3_1.0</xilinx:tag>
        <xilinx:tag xilinx:name="ui.data.coregen.dd@e4ff288_ARCHIVE_LOCATION">c:/Users/Chase/ip_repo/My_PmodHB3_1.0</xilinx:tag>
        <xilinx:tag xilinx:name="ui.data.coregen.dd@2175773a_ARCHIVE_LOCATION">c:/Users/Chase/ip_repo/My_PmodHB3_1.0</xilinx:tag>
        <xilinx:tag xilinx:name="ui.data.coregen.dd@4ba057e4_ARCHIVE_LOCATION">c:/Users/Chase/ip_repo/My_PmodHB3_1.0</xilinx:tag>
        <xilinx:tag xilinx:name="ui.data.coregen.dd@1749fd9f_ARCHIVE_LOCATION">c:/Users/Chase/ip_repo/My_PmodHB3_1.0</xilinx:tag>
        <xilinx:tag xilinx:name="ui.data.coregen.dd@38cc95a7_ARCHIVE_LOCATION">c:/Users/Chase/ip_repo/My_PmodHB3_1.0</xilinx:tag>
        <xilinx:tag xilinx:name="ui.data.coregen.dd@7d74f996_ARCHIVE_LOCATION">c:/Users/Chase/ip_repo/My_PmodHB3_1.0</xilinx:tag>
        <xilinx:tag xilinx:name="ui.data.coregen.dd@41e3446f_ARCHIVE_LOCATION">c:/Users/Chase/ip_repo/My_PmodHB3_1.0</xilinx:tag>
        <xilinx:tag xilinx:name="ui.data.coregen.dd@45ef276c_ARCHIVE_LOCATION">c:/Users/Chase/ip_repo/My_PmodHB3_1.0</xilinx:tag>
        <xilinx:tag xilinx:name="ui.data.coregen.dd@68b05ac9_ARCHIVE_LOCATION">c:/Users/Chase/ip_repo/My_PmodHB3_1.0</xilinx:tag>
        <xilinx:tag xilinx:name="ui.data.coregen.dd@1258cf05_ARCHIVE_LOCATION">c:/Users/Chase/ip_repo/My_PmodHB3_1.0</xilinx:tag>
        <xilinx:tag xilinx:name="ui.data.coregen.dd@6b78d642_ARCHIVE_LOCATION">c:/Users/Chase/ip_repo/My_PmodHB3_1.0</xilinx:tag>
        <xilinx:tag xilinx:name="ui.data.coregen.dd@4e533dbc_ARCHIVE_LOCATION">c:/Users/Chase/ip_repo/My_PmodHB3_1.0</xilinx:tag>
        <xilinx:tag xilinx:name="ui.data.coregen.dd@597dff9b_ARCHIVE_LOCATION">c:/Users/Chase/ip_repo/My_PmodHB3_1.0</xilinx:tag>
        <xilinx:tag xilinx:name="ui.data.coregen.dd@6ccd7c80_ARCHIVE_LOCATION">c:/Users/Chase/ip_repo/My_PmodHB3_1.0</xilinx:tag>
        <xilinx:tag xilinx:name="ui.data.coregen.dd@955c00b_ARCHIVE_LOCATION">c:/Users/Chase/ip_repo/My_PmodHB3_1.0</xilinx:tag>
        <xilinx:tag xilinx:name="ui.data.coregen.dd@66a99982_ARCHIVE_LOCATION">c:/Users/Chase/ip_repo/My_PmodHB3_1.0</xilinx:tag>
        <xilinx:tag xilinx:name="ui.data.coregen.dd@5243d5b_ARCHIVE_LOCATION">c:/Users/Chase/ip_repo/My_PmodHB3_1.0</xilinx:tag>
        <xilinx:tag xilinx:name="ui.data.coregen.dd@2c9d2dd4_ARCHIVE_LOCATION">c:/Users/Chase/ip_repo/My_PmodHB3_1.0</xilinx:tag>
        <xilinx:tag xilinx:name="ui.data.coregen.dd@e9cd543_ARCHIVE_LOCATION">c:/Users/Chase/ip_repo/My_PmodHB3_1.0</xilinx:tag>
        <xilinx:tag xilinx:name="ui.data.coregen.dd@7cee7062_ARCHIVE_LOCATION">c:/Users/Chase/ip_repo/My_PmodHB3_1.0</xilinx:tag>
        <xilinx:tag xilinx:name="ui.data.coregen.dd@423b9938_ARCHIVE_LOCATION">c:/Users/Chase/ip_repo/My_PmodHB3_1.0</xilinx:tag>
        <xilinx:tag xilinx:name="ui.data.coregen.dd@a51a042_ARCHIVE_LOCATION">c:/Users/Chase/ip_repo/My_PmodHB3_1.0</xilinx:tag>
        <xilinx:tag xilinx:name="ui.data.coregen.dd@65471b25_ARCHIVE_LOCATION">c:/Users/Chase/ip_repo/My_PmodHB3_1.0</xilinx:tag>
        <xilinx:tag xilinx:name="ui.data.coregen.dd@f915a39_ARCHIVE_LOCATION">c:/Users/Chase/ip_repo/My_PmodHB3_1.0</xilinx:tag>
        <xilinx:tag xilinx:name="ui.data.coregen.dd@128e9e41_ARCHIVE_LOCATION">c:/Users/Chase/ip_repo/My_PmodHB3_1.0</xilinx:tag>
        <xilinx:tag xilinx:name="ui.data.coregen.dd@37c09592_ARCHIVE_LOCATION">c:/Users/Chase/ip_repo/My_PmodHB3_1.0</xilinx:tag>
        <xilinx:tag xilinx:name="ui.data.coregen.dd@15679f0_ARCHIVE_LOCATION">c:/Users/Chase/ip_repo/My_PmodHB3_1.0</xilinx:tag>
        <xilinx:tag xilinx:name="ui.data.coregen.dd@4a3c666b_ARCHIVE_LOCATION">c:/Users/Chase/ip_repo/My_PmodHB3_1.0</xilinx:tag>
        <xilinx:tag xilinx:name="ui.data.coregen.dd@28c16027_ARCHIVE_LOCATION">c:/Users/Chase/ip_repo/My_PmodHB3_1.0</xilinx:tag>
        <xilinx:tag xilinx:name="ui.data.coregen.dd@316166fa_ARCHIVE_LOCATION">c:/Users/Chase/ip_repo/My_PmodHB3_1.0</xilinx:tag>
        <xilinx:tag xilinx:name="ui.data.coregen.dd@6246a7fc_ARCHIVE_LOCATION">c:/Users/Chase/ip_repo/My_PmodHB3_1.0</xilinx:tag>
        <xilinx:tag xilinx:name="ui.data.coregen.dd@65b52719_ARCHIVE_LOCATION">c:/Users/Chase/ip_repo/My_PmodHB3_1.0</xilinx:tag>
        <xilinx:tag xilinx:name="ui.data.coregen.dd@35853774_ARCHIVE_LOCATION">c:/Users/Chase/ip_repo/My_PmodHB3_1.0</xilinx:tag>
        <xilinx:tag xilinx:name="ui.data.coregen.dd@2af70efd_ARCHIVE_LOCATION">c:/Users/Chase/ip_repo/My_PmodHB3_1.0</xilinx:tag>
        <xilinx:tag xilinx:name="ui.data.coregen.dd@13012f0_ARCHIVE_LOCATION">c:/Users/Chase/ip_repo/My_PmodHB3_1.0</xilinx:tag>
        <xilinx:tag xilinx:name="ui.data.coregen.dd@6b7e35b4_ARCHIVE_LOCATION">c:/Users/Chase/ip_repo/My_PmodHB3_1.0</xilinx:tag>
        <xilinx:tag xilinx:name="ui.data.coregen.dd@7ba6f654_ARCHIVE_LOCATION">c:/Users/Chase/ip_repo/My_PmodHB3_1.0</xilinx:tag>
        <xilinx:tag xilinx:name="ui.data.coregen.dd@2fc78783_ARCHIVE_LOCATION">c:/Users/Chase/ip_repo/My_PmodHB3_1.0</xilinx:tag>
        <xilinx:tag xilinx:name="ui.data.coregen.dd@202fecb3_ARCHIVE_LOCATION">c:/Users/Chase/ip_repo/My_PmodHB3_1.0</xilinx:tag>
        <xilinx:tag xilinx:name="ui.data.coregen.dd@462782cc_ARCHIVE_LOCATION">c:/Users/Chase/ip_repo/My_PmodHB3_1.0</xilinx:tag>
        <xilinx:tag xilinx:name="ui.data.coregen.dd@4846dc5f_ARCHIVE_LOCATION">c:/Users/Chase/ip_repo/My_PmodHB3_1.0</xilinx:tag>
        <xilinx:tag xilinx:name="ui.data.coregen.dd@3b53b949_ARCHIVE_LOCATION">c:/Users/Chase/ip_repo/My_PmodHB3_1.0</xilinx:tag>
        <xilinx:tag xilinx:name="ui.data.coregen.dd@46ae30a1_ARCHIVE_LOCATION">c:/Users/Chase/ip_repo/My_PmodHB3_1.0</xilinx:tag>
        <xilinx:tag xilinx:name="ui.data.coregen.dd@207c2d66_ARCHIVE_LOCATION">c:/Users/Chase/ip_repo/My_PmodHB3_1.0</xilinx:tag>
        <xilinx:tag xilinx:name="ui.data.coregen.dd@7dd77a7d_ARCHIVE_LOCATION">c:/Users/Chase/ip_repo/My_PmodHB3_1.0</xilinx:tag>
        <xilinx:tag xilinx:name="ui.data.coregen.dd@5738a6cb_ARCHIVE_LOCATION">c:/Users/Chase/ip_repo/My_PmodHB3_1.0</xilinx:tag>
        <xilinx:tag xilinx:name="ui.data.coregen.dd@4166a8a1_ARCHIVE_LOCATION">c:/Users/Chase/ip_repo/My_PmodHB3_1.0</xilinx:tag>
        <xilinx:tag xilinx:name="ui.data.coregen.dd@5de71ed9_ARCHIVE_LOCATION">c:/Users/Chase/ip_repo/My_PmodHB3_1.0</xilinx:tag>
        <xilinx:tag xilinx:name="ui.data.coregen.dd@2c38f8f8_ARCHIVE_LOCATION">c:/Users/Chase/ip_repo/My_PmodHB3_1.0</xilinx:tag>
        <xilinx:tag xilinx:name="ui.data.coregen.dd@3270bd_ARCHIVE_LOCATION">c:/Users/Chase/ip_repo/My_PmodHB3_1.0</xilinx:tag>
        <xilinx:tag xilinx:name="ui.data.coregen.dd@2238e659_ARCHIVE_LOCATION">c:/Users/Chase/ip_repo/My_PmodHB3_1.0</xilinx:tag>
        <xilinx:tag xilinx:name="ui.data.coregen.dd@361bacac_ARCHIVE_LOCATION">c:/Users/Chase/ip_repo/My_PmodHB3_1.0</xilinx:tag>
        <xilinx:tag xilinx:name="ui.data.coregen.dd@4d700288_ARCHIVE_LOCATION">c:/Users/Chase/ip_repo/My_PmodHB3_1.0</xilinx:tag>
        <xilinx:tag xilinx:name="ui.data.coregen.dd@65ba22bf_ARCHIVE_LOCATION">c:/Users/Chase/ip_repo/My_PmodHB3_1.0</xilinx:tag>
        <xilinx:tag xilinx:name="ui.data.coregen.dd@78c72c97_ARCHIVE_LOCATION">c:/Users/Chase/ip_repo/My_PmodHB3_1.0</xilinx:tag>
        <xilinx:tag xilinx:name="ui.data.coregen.dd@3dfed6f0_ARCHIVE_LOCATION">c:/Users/Chase/ip_repo/My_PmodHB3_1.0</xilinx:tag>
        <xilinx:tag xilinx:name="ui.data.coregen.dd@30ab9702_ARCHIVE_LOCATION">c:/Users/Chase/ip_repo/My_PmodHB3_1.0</xilinx:tag>
        <xilinx:tag xilinx:name="ui.data.coregen.dd@44b78267_ARCHIVE_LOCATION">c:/Users/Chase/ip_repo/My_PmodHB3_1.0</xilinx:tag>
        <xilinx:tag xilinx:name="ui.data.coregen.dd@79795455_ARCHIVE_LOCATION">c:/Users/Chase/ip_repo/My_PmodHB3_1.0</xilinx:tag>
        <xilinx:tag xilinx:name="ui.data.coregen.dd@24e1f6c3_ARCHIVE_LOCATION">c:/Users/Chase/ip_repo/My_PmodHB3_1.0</xilinx:tag>
        <xilinx:tag xilinx:name="ui.data.coregen.dd@4cc54575_ARCHIVE_LOCATION">c:/Users/Chase/ip_repo/My_PmodHB3_1.0</xilinx:tag>
        <xilinx:tag xilinx:name="ui.data.coregen.dd@29770d83_ARCHIVE_LOCATION">c:/Users/Chase/ip_repo/My_PmodHB3_1.0</xilinx:tag>
        <xilinx:tag xilinx:name="ui.data.coregen.dd@3592fd11_ARCHIVE_LOCATION">c:/Users/Chase/ip_repo/My_PmodHB3_1.0</xilinx:tag>
        <xilinx:tag xilinx:name="ui.data.coregen.dd@59a49db7_ARCHIVE_LOCATION">c:/Users/Chase/ip_repo/My_PmodHB3_1.0</xilinx:tag>
        <xilinx:tag xilinx:name="ui.data.coregen.dd@7342e58_ARCHIVE_LOCATION">c:/Users/Chase/ip_repo/My_PmodHB3_1.0</xilinx:tag>
        <xilinx:tag xilinx:name="ui.data.coregen.dd@30f6f584_ARCHIVE_LOCATION">c:/Users/Chase/ip_repo/My_PmodHB3_1.0</xilinx:tag>
        <xilinx:tag xilinx:name="ui.data.coregen.dd@58a79483_ARCHIVE_LOCATION">c:/Users/Chase/ip_repo/My_PmodHB3_1.0</xilinx:tag>
        <xilinx:tag xilinx:name="ui.data.coregen.dd@6c7978c6_ARCHIVE_LOCATION">c:/Users/Chase/ip_repo/My_PmodHB3_1.0</xilinx:tag>
        <xilinx:tag xilinx:name="ui.data.coregen.dd@5ecd62f9_ARCHIVE_LOCATION">c:/Users/Chase/ip_repo/My_PmodHB3_1.0</xilinx:tag>
        <xilinx:tag xilinx:name="ui.data.coregen.dd@d2dbc57_ARCHIVE_LOCATION">c:/Users/Chase/ip_repo/My_PmodHB3_1.0</xilinx:tag>
        <xilinx:tag xilinx:name="ui.data.coregen.dd@48e1f442_ARCHIVE_LOCATION">c:/Users/Chase/ip_repo/My_PmodHB3_1.0</xilinx:tag>
        <xilinx:tag xilinx:name="ui.data.coregen.dd@733c7007_ARCHIVE_LOCATION">c:/Users/Chase/ip_repo/My_PmodHB3_1.0</xilinx:tag>
        <xilinx:tag xilinx:name="ui.data.coregen.dd@626b64e8_ARCHIVE_LOCATION">c:/Users/Chase/ip_repo/My_PmodHB3_1.0</xilinx:tag>
        <xilinx:tag xilinx:name="ui.data.coregen.dd@2277cf0c_ARCHIVE_LOCATION">c:/Users/Chase/ip_repo/My_PmodHB3_1.0</xilinx:tag>
        <xilinx:tag xilinx:name="ui.data.coregen.dd@3d7466ec_ARCHIVE_LOCATION">c:/Users/Chase/ip_repo/My_PmodHB3_1.0</xilinx:tag>
        <xilinx:tag xilinx:name="ui.data.coregen.dd@7567b818_ARCHIVE_LOCATION">c:/Users/Chase/ip_repo/My_PmodHB3_1.0</xilinx:tag>
        <xilinx:tag xilinx:name="ui.data.coregen.dd@15f0050e_ARCHIVE_LOCATION">c:/Users/Chase/ip_repo/My_PmodHB3_1.0</xilinx:tag>
        <xilinx:tag xilinx:name="ui.data.coregen.dd@7a158e92_ARCHIVE_LOCATION">c:/Users/Chase/ip_repo/My_PmodHB3_1.0</xilinx:tag>
        <xilinx:tag xilinx:name="ui.data.coregen.dd@23717666_ARCHIVE_LOCATION">c:/Users/Chase/ip_repo/My_PmodHB3_1.0</xilinx:tag>
        <xilinx:tag xilinx:name="ui.data.coregen.dd@639aff21_ARCHIVE_LOCATION">c:/Users/Chase/ip_repo/My_PmodHB3_1.0</xilinx:tag>
        <xilinx:tag xilinx:name="ui.data.coregen.dd@403b8947_ARCHIVE_LOCATION">c:/Users/Chase/ip_repo/My_PmodHB3_1.0</xilinx:tag>
        <xilinx:tag xilinx:name="ui.data.coregen.dd@26621f57_ARCHIVE_LOCATION">c:/Users/Chase/ip_repo/My_PmodHB3_1.0</xilinx:tag>
        <xilinx:tag xilinx:name="ui.data.coregen.dd@63ed1d18_ARCHIVE_LOCATION">c:/Users/Chase/ip_repo/My_PmodHB3_1.0</xilinx:tag>
        <xilinx:tag xilinx:name="ui.data.coregen.dd@472b56ab_ARCHIVE_LOCATION">c:/Users/Chase/ip_repo/My_PmodHB3_1.0</xilinx:tag>
        <xilinx:tag xilinx:name="ui.data.coregen.dd@1648cd24_ARCHIVE_LOCATION">c:/Users/Chase/ip_repo/My_PmodHB3_1.0</xilinx:tag>
        <xilinx:tag xilinx:name="ui.data.coregen.dd@403a1f15_ARCHIVE_LOCATION">c:/Users/Chase/ip_repo/My_PmodHB3_1.0</xilinx:tag>
        <xilinx:tag xilinx:name="ui.data.coregen.dd@2e7cccec_ARCHIVE_LOCATION">c:/Users/Chase/ip_repo/My_PmodHB3_1.0</xilinx:tag>
        <xilinx:tag xilinx:name="ui.data.coregen.dd@7917c57a_ARCHIVE_LOCATION">c:/Users/Chase/ip_repo/My_PmodHB3_1.0</xilinx:tag>
        <xilinx:tag xilinx:name="ui.data.coregen.dd@60b37291_ARCHIVE_LOCATION">c:/Users/Chase/ip_repo/My_PmodHB3_1.0</xilinx:tag>
        <xilinx:tag xilinx:name="ui.data.coregen.dd@64786678_ARCHIVE_LOCATION">c:/Users/Chase/ip_repo/My_PmodHB3_1.0</xilinx:tag>
        <xilinx:tag xilinx:name="ui.data.coregen.dd@3de0eb3c_ARCHIVE_LOCATION">c:/Users/Chase/ip_repo/My_PmodHB3_1.0</xilinx:tag>
        <xilinx:tag xilinx:name="ui.data.coregen.dd@8ccdfca_ARCHIVE_LOCATION">c:/Users/Chase/ip_repo/My_PmodHB3_1.0</xilinx:tag>
        <xilinx:tag xilinx:name="ui.data.coregen.dd@161b051a_ARCHIVE_LOCATION">c:/Users/Chase/ip_repo/My_PmodHB3_1.0</xilinx:tag>
        <xilinx:tag xilinx:name="ui.data.coregen.dd@71db5d72_ARCHIVE_LOCATION">c:/Users/Chase/ip_repo/My_PmodHB3_1.0</xilinx:tag>
        <xilinx:tag xilinx:name="ui.data.coregen.dd@373ad3a5_ARCHIVE_LOCATION">c:/Users/Chase/ip_repo/My_PmodHB3_1.0</xilinx:tag>
        <xilinx:tag xilinx:name="ui.data.coregen.dd@5ac61ac3_ARCHIVE_LOCATION">c:/Users/Chase/ip_repo/My_PmodHB3_1.0</xilinx:tag>
        <xilinx:tag xilinx:name="ui.data.coregen.dd@5bac7205_ARCHIVE_LOCATION">c:/Users/Chase/ip_repo/My_PmodHB3_1.0</xilinx:tag>
        <xilinx:tag xilinx:name="ui.data.coregen.dd@409fce31_ARCHIVE_LOCATION">c:/Users/Chase/ip_repo/My_PmodHB3_1.0</xilinx:tag>
        <xilinx:tag xilinx:name="ui.data.coregen.dd@6aa5cef6_ARCHIVE_LOCATION">c:/Users/Chase/ip_repo/My_PmodHB3_1.0</xilinx:tag>
        <xilinx:tag xilinx:name="ui.data.coregen.dd@bd54c51_ARCHIVE_LOCATION">c:/Users/Chase/ip_repo/My_PmodHB3_1.0</xilinx:tag>
        <xilinx:tag xilinx:name="ui.data.coregen.dd@2ca56c49_ARCHIVE_LOCATION">c:/Users/Chase/ip_repo/My_PmodHB3_1.0</xilinx:tag>
        <xilinx:tag xilinx:name="ui.data.coregen.dd@2742cb2_ARCHIVE_LOCATION">c:/Users/Chase/ip_repo/My_PmodHB3_1.0</xilinx:tag>
        <xilinx:tag xilinx:name="ui.data.coregen.dd@4d29aee3_ARCHIVE_LOCATION">c:/Users/Chase/ip_repo/My_PmodHB3_1.0</xilinx:tag>
        <xilinx:tag xilinx:name="ui.data.coregen.dd@47e0fde2_ARCHIVE_LOCATION">c:/Users/Chase/ip_repo/My_PmodHB3_1.0</xilinx:tag>
        <xilinx:tag xilinx:name="ui.data.coregen.dd@4af8215c_ARCHIVE_LOCATION">c:/Users/Chase/ip_repo/My_PmodHB3_1.0</xilinx:tag>
        <xilinx:tag xilinx:name="ui.data.coregen.dd@6f03729e_ARCHIVE_LOCATION">c:/Users/Chase/ip_repo/My_PmodHB3_1.0</xilinx:tag>
        <xilinx:tag xilinx:name="ui.data.coregen.dd@6e000ab3_ARCHIVE_LOCATION">c:/Users/Chase/ip_repo/My_PmodHB3_1.0</xilinx:tag>
        <xilinx:tag xilinx:name="ui.data.coregen.dd@33d7fb60_ARCHIVE_LOCATION">c:/Users/Chase/ip_repo/My_PmodHB3_1.0</xilinx:tag>
        <xilinx:tag xilinx:name="ui.data.coregen.dd@682c5954_ARCHIVE_LOCATION">c:/Users/Chase/ip_repo/My_PmodHB3_1.0</xilinx:tag>
        <xilinx:tag xilinx:name="ui.data.coregen.dd@523482ea_ARCHIVE_LOCATION">c:/Users/Chase/ip_repo/My_PmodHB3_1.0</xilinx:tag>
        <xilinx:tag xilinx:name="ui.data.coregen.dd@142b8794_ARCHIVE_LOCATION">c:/Users/Chase/ip_repo/My_PmodHB3_1.0</xilinx:tag>
        <xilinx:tag xilinx:name="ui.data.coregen.dd@7ffa79d5_ARCHIVE_LOCATION">c:/Users/Chase/ip_repo/My_PmodHB3_1.0</xilinx:tag>
        <xilinx:tag xilinx:name="ui.data.coregen.dd@35cc69e8_ARCHIVE_LOCATION">c:/Users/Chase/ip_repo/My_PmodHB3_1.0</xilinx:tag>
        <xilinx:tag xilinx:name="ui.data.coregen.dd@f6cc8a7_ARCHIVE_LOCATION">c:/Users/Chase/ip_repo/My_PmodHB3_1.0</xilinx:tag>
        <xilinx:tag xilinx:name="ui.data.coregen.dd@1cfea342_ARCHIVE_LOCATION">c:/Users/Chase/ip_repo/My_PmodHB3_1.0</xilinx:tag>
        <xilinx:tag xilinx:name="ui.data.coregen.dd@1be0ee32_ARCHIVE_LOCATION">c:/Users/Chase/ip_repo/My_PmodHB3_1.0</xilinx:tag>
        <xilinx:tag xilinx:name="ui.data.coregen.dd@121700de_ARCHIVE_LOCATION">c:/Users/Chase/ip_repo/My_PmodHB3_1.0</xilinx:tag>
        <xilinx:tag xilinx:name="ui.data.coregen.dd@4501efbd_ARCHIVE_LOCATION">c:/Users/Chase/ip_repo/My_PmodHB3_1.0</xilinx:tag>
        <xilinx:tag xilinx:name="ui.data.coregen.dd@6c4c92f4_ARCHIVE_LOCATION">c:/Users/Chase/ip_repo/My_PmodHB3_1.0</xilinx:tag>
        <xilinx:tag xilinx:name="ui.data.coregen.dd@17d96766_ARCHIVE_LOCATION">c:/Users/Chase/ip_repo/My_PmodHB3_1.0</xilinx:tag>
        <xilinx:tag xilinx:name="ui.data.coregen.dd@7f60d818_ARCHIVE_LOCATION">c:/Users/Chase/ip_repo/My_PmodHB3_1.0</xilinx:tag>
        <xilinx:tag xilinx:name="ui.data.coregen.dd@a9d2be3_ARCHIVE_LOCATION">c:/Users/Chase/ip_repo/My_PmodHB3_1.0</xilinx:tag>
        <xilinx:tag xilinx:name="ui.data.coregen.dd@4db4f8a5_ARCHIVE_LOCATION">c:/Users/Chase/ip_repo/My_PmodHB3_1.0</xilinx:tag>
        <xilinx:tag xilinx:name="ui.data.coregen.dd@31ac9fa0_ARCHIVE_LOCATION">c:/Users/Chase/ip_repo/My_PmodHB3_1.0</xilinx:tag>
        <xilinx:tag xilinx:name="ui.data.coregen.dd@5f470999_ARCHIVE_LOCATION">c:/Users/Chase/ip_repo/My_PmodHB3_1.0</xilinx:tag>
        <xilinx:tag xilinx:name="ui.data.coregen.dd@7a36cc0d_ARCHIVE_LOCATION">c:/Users/Chase/ip_repo/My_PmodHB3_1.0</xilinx:tag>
        <xilinx:tag xilinx:name="ui.data.coregen.dd@712a35e0_ARCHIVE_LOCATION">c:/Users/Chase/ip_repo/My_PmodHB3_1.0</xilinx:tag>
        <xilinx:tag xilinx:name="ui.data.coregen.dd@97f47fc_ARCHIVE_LOCATION">c:/Users/Chase/ip_repo/My_PmodHB3_1.0</xilinx:tag>
        <xilinx:tag xilinx:name="ui.data.coregen.dd@2e5c097a_ARCHIVE_LOCATION">c:/Users/Chase/ip_repo/My_PmodHB3_1.0</xilinx:tag>
        <xilinx:tag xilinx:name="ui.data.coregen.dd@35b0e2a2_ARCHIVE_LOCATION">c:/Users/Chase/ip_repo/My_PmodHB3_1.0</xilinx:tag>
        <xilinx:tag xilinx:name="ui.data.coregen.dd@605b9533_ARCHIVE_LOCATION">c:/Users/Chase/ip_repo/My_PmodHB3_1.0</xilinx:tag>
        <xilinx:tag xilinx:name="ui.data.coregen.dd@75315fd7_ARCHIVE_LOCATION">c:/Users/Chase/ip_repo/My_PmodHB3_1.0</xilinx:tag>
        <xilinx:tag xilinx:name="ui.data.coregen.dd@3b50a0d9_ARCHIVE_LOCATION">c:/Users/Chase/ip_repo/My_PmodHB3_1.0</xilinx:tag>
        <xilinx:tag xilinx:name="ui.data.coregen.dd@44f349a_ARCHIVE_LOCATION">c:/Users/Chase/ip_repo/My_PmodHB3_1.0</xilinx:tag>
        <xilinx:tag xilinx:name="ui.data.coregen.dd@42b95e46_ARCHIVE_LOCATION">c:/Users/Chase/ip_repo/My_PmodHB3_1.0</xilinx:tag>
        <xilinx:tag xilinx:name="ui.data.coregen.dd@3b111eab_ARCHIVE_LOCATION">c:/Users/Chase/ip_repo/My_PmodHB3_1.0</xilinx:tag>
        <xilinx:tag xilinx:name="ui.data.coregen.dd@34caf4cc_ARCHIVE_LOCATION">c:/Users/Chase/ip_repo/My_PmodHB3_1.0</xilinx:tag>
        <xilinx:tag xilinx:name="ui.data.coregen.dd@32b1469b_ARCHIVE_LOCATION">c:/Users/Chase/ip_repo/My_PmodHB3_1.0</xilinx:tag>
        <xilinx:tag xilinx:name="ui.data.coregen.dd@108fc472_ARCHIVE_LOCATION">c:/Users/Chase/ip_repo/My_PmodHB3_1.0</xilinx:tag>
        <xilinx:tag xilinx:name="ui.data.coregen.dd@246e0272_ARCHIVE_LOCATION">c:/Users/Chase/ip_repo/My_PmodHB3_1.0</xilinx:tag>
        <xilinx:tag xilinx:name="ui.data.coregen.dd@15c3cef9_ARCHIVE_LOCATION">c:/Users/Chase/ip_repo/My_PmodHB3_1.0</xilinx:tag>
        <xilinx:tag xilinx:name="ui.data.coregen.dd@37393c20_ARCHIVE_LOCATION">c:/Users/Chase/ip_repo/My_PmodHB3_1.0</xilinx:tag>
        <xilinx:tag xilinx:name="ui.data.coregen.dd@51a4a660_ARCHIVE_LOCATION">c:/Users/Chase/ip_repo/My_PmodHB3_1.0</xilinx:tag>
        <xilinx:tag xilinx:name="ui.data.coregen.dd@7230a6ee_ARCHIVE_LOCATION">c:/Users/Chase/ip_repo/My_PmodHB3_1.0</xilinx:tag>
        <xilinx:tag xilinx:name="ui.data.coregen.dd@4d60cf33_ARCHIVE_LOCATION">c:/Users/Chase/ip_repo/My_PmodHB3_1.0</xilinx:tag>
        <xilinx:tag xilinx:name="ui.data.coregen.dd@910b5aa_ARCHIVE_LOCATION">c:/Users/Chase/ip_repo/My_PmodHB3_1.0</xilinx:tag>
        <xilinx:tag xilinx:name="ui.data.coregen.dd@10e322a7_ARCHIVE_LOCATION">c:/Users/Chase/ip_repo/My_PmodHB3_1.0</xilinx:tag>
        <xilinx:tag xilinx:name="ui.data.coregen.dd@2a957c19_ARCHIVE_LOCATION">c:/Users/Chase/ip_repo/My_PmodHB3_1.0</xilinx:tag>
        <xilinx:tag xilinx:name="ui.data.coregen.dd@27b6a5e4_ARCHIVE_LOCATION">c:/Users/Chase/ip_repo/My_PmodHB3_1.0</xilinx:tag>
        <xilinx:tag xilinx:name="ui.data.coregen.dd@53422aae_ARCHIVE_LOCATION">c:/Users/Chase/ip_repo/My_PmodHB3_1.0</xilinx:tag>
        <xilinx:tag xilinx:name="ui.data.coregen.dd@67014fb1_ARCHIVE_LOCATION">c:/Users/Chase/ip_repo/My_PmodHB3_1.0</xilinx:tag>
        <xilinx:tag xilinx:name="ui.data.coregen.dd@4e8d18ee_ARCHIVE_LOCATION">c:/Users/Chase/ip_repo/My_PmodHB3_1.0</xilinx:tag>
        <xilinx:tag xilinx:name="ui.data.coregen.dd@179386db_ARCHIVE_LOCATION">c:/Users/Chase/ip_repo/My_PmodHB3_1.0</xilinx:tag>
        <xilinx:tag xilinx:name="ui.data.coregen.dd@5179fad9_ARCHIVE_LOCATION">c:/Users/Chase/ip_repo/My_PmodHB3_1.0</xilinx:tag>
        <xilinx:tag xilinx:name="ui.data.coregen.dd@25931ceb_ARCHIVE_LOCATION">c:/Users/Chase/ip_repo/My_PmodHB3_1.0</xilinx:tag>
        <xilinx:tag xilinx:name="ui.data.coregen.dd@546cab10_ARCHIVE_LOCATION">c:/Users/Chase/ip_repo/My_PmodHB3_1.0</xilinx:tag>
        <xilinx:tag xilinx:name="ui.data.coregen.dd@63c597af_ARCHIVE_LOCATION">c:/Users/Chase/ip_repo/My_PmodHB3_1.0</xilinx:tag>
        <xilinx:tag xilinx:name="ui.data.coregen.dd@4d0a2da0_ARCHIVE_LOCATION">c:/Users/Chase/ip_repo/My_PmodHB3_1.0</xilinx:tag>
        <xilinx:tag xilinx:name="ui.data.coregen.dd@65e7d485_ARCHIVE_LOCATION">c:/Users/Chase/ip_repo/My_PmodHB3_1.0</xilinx:tag>
        <xilinx:tag xilinx:name="ui.data.coregen.dd@6be334d0_ARCHIVE_LOCATION">c:/Users/Chase/ip_repo/My_PmodHB3_1.0</xilinx:tag>
        <xilinx:tag xilinx:name="ui.data.coregen.dd@623bdd41_ARCHIVE_LOCATION">c:/Users/Chase/ip_repo/My_PmodHB3_1.0</xilinx:tag>
        <xilinx:tag xilinx:name="ui.data.coregen.dd@49f889f1_ARCHIVE_LOCATION">c:/Users/Chase/ip_repo/My_PmodHB3_1.0</xilinx:tag>
        <xilinx:tag xilinx:name="ui.data.coregen.dd@6185d81d_ARCHIVE_LOCATION">c:/Users/Chase/ip_repo/My_PmodHB3_1.0</xilinx:tag>
        <xilinx:tag xilinx:name="ui.data.coregen.dd@602b265e_ARCHIVE_LOCATION">c:/Users/Chase/ip_repo/My_PmodHB3_1.0</xilinx:tag>
        <xilinx:tag xilinx:name="ui.data.coregen.dd@618243f4_ARCHIVE_LOCATION">c:/Users/Chase/ip_repo/My_PmodHB3_1.0</xilinx:tag>
        <xilinx:tag xilinx:name="ui.data.coregen.dd@32091ead_ARCHIVE_LOCATION">c:/Users/Chase/ip_repo/My_PmodHB3_1.0</xilinx:tag>
        <xilinx:tag xilinx:name="ui.data.coregen.dd@371ba6b5_ARCHIVE_LOCATION">c:/Users/Chase/ip_repo/My_PmodHB3_1.0</xilinx:tag>
        <xilinx:tag xilinx:name="ui.data.coregen.dd@38ebee08_ARCHIVE_LOCATION">c:/Users/Chase/ip_repo/My_PmodHB3_1.0</xilinx:tag>
        <xilinx:tag xilinx:name="ui.data.coregen.dd@67e7a632_ARCHIVE_LOCATION">c:/Users/Chase/ip_repo/My_PmodHB3_1.0</xilinx:tag>
        <xilinx:tag xilinx:name="ui.data.coregen.dd@6699ba36_ARCHIVE_LOCATION">c:/Users/Chase/ip_repo/My_PmodHB3_1.0</xilinx:tag>
        <xilinx:tag xilinx:name="ui.data.coregen.dd@2878be45_ARCHIVE_LOCATION">c:/Users/Chase/ip_repo/My_PmodHB3_1.0</xilinx:tag>
        <xilinx:tag xilinx:name="ui.data.coregen.dd@4b4f1e93_ARCHIVE_LOCATION">c:/Users/Chase/ip_repo/My_PmodHB3_1.0</xilinx:tag>
        <xilinx:tag xilinx:name="ui.data.coregen.dd@30188ade_ARCHIVE_LOCATION">c:/Users/Chase/ip_repo/My_PmodHB3_1.0</xilinx:tag>
        <xilinx:tag xilinx:name="ui.data.coregen.dd@c8e1dc7_ARCHIVE_LOCATION">c:/Users/Chase/ip_repo/My_PmodHB3_1.0</xilinx:tag>
        <xilinx:tag xilinx:name="ui.data.coregen.dd@518ec9a9_ARCHIVE_LOCATION">c:/Users/Chase/ip_repo/My_PmodHB3_1.0</xilinx:tag>
        <xilinx:tag xilinx:name="ui.data.coregen.dd@32af6cfd_ARCHIVE_LOCATION">c:/Users/Chase/ip_repo/My_PmodHB3_1.0</xilinx:tag>
        <xilinx:tag xilinx:name="ui.data.coregen.dd@276eac38_ARCHIVE_LOCATION">c:/Users/Chase/ip_repo/My_PmodHB3_1.0</xilinx:tag>
        <xilinx:tag xilinx:name="ui.data.coregen.dd@5ca81417_ARCHIVE_LOCATION">c:/Users/Chase/ip_repo/My_PmodHB3_1.0</xilinx:tag>
        <xilinx:tag xilinx:name="ui.data.coregen.dd@5284a8c3_ARCHIVE_LOCATION">c:/Users/Chase/ip_repo/My_PmodHB3_1.0</xilinx:tag>
        <xilinx:tag xilinx:name="ui.data.coregen.dd@2785144e_ARCHIVE_LOCATION">c:/Users/Chase/ip_repo/My_PmodHB3_1.0</xilinx:tag>
        <xilinx:tag xilinx:name="ui.data.coregen.dd@1615831f_ARCHIVE_LOCATION">c:/Users/Chase/ip_repo/My_PmodHB3_1.0</xilinx:tag>
        <xilinx:tag xilinx:name="ui.data.coregen.dd@63b39b56_ARCHIVE_LOCATION">c:/Users/Chase/ip_repo/My_PmodHB3_1.0</xilinx:tag>
        <xilinx:tag xilinx:name="ui.data.coregen.dd@29dfcd6b_ARCHIVE_LOCATION">c:/Users/Chase/ip_repo/My_PmodHB3_1.0</xilinx:tag>
        <xilinx:tag xilinx:name="ui.data.coregen.dd@3918d242_ARCHIVE_LOCATION">c:/Users/Chase/ip_repo/My_PmodHB3_1.0</xilinx:tag>
        <xilinx:tag xilinx:name="ui.data.coregen.dd@7b3cabfa_ARCHIVE_LOCATION">c:/Users/Chase/ip_repo/My_PmodHB3_1.0</xilinx:tag>
        <xilinx:tag xilinx:name="ui.data.coregen.dd@69dc4b99_ARCHIVE_LOCATION">c:/Users/Chase/ip_repo/My_PmodHB3_1.0</xilinx:tag>
        <xilinx:tag xilinx:name="ui.data.coregen.dd@6f9c1efc_ARCHIVE_LOCATION">c:/Users/Chase/ip_repo/My_PmodHB3_1.0</xilinx:tag>
        <xilinx:tag xilinx:name="ui.data.coregen.dd@684bdfc1_ARCHIVE_LOCATION">c:/Users/Chase/ip_repo/My_PmodHB3_1.0</xilinx:tag>
        <xilinx:tag xilinx:name="ui.data.coregen.dd@7f0e76f2_ARCHIVE_LOCATION">c:/Users/Chase/ip_repo/My_PmodHB3_1.0</xilinx:tag>
        <xilinx:tag xilinx:name="ui.data.coregen.dd@7dbe0d1a_ARCHIVE_LOCATION">c:/Users/Chase/ip_repo/My_PmodHB3_1.0</xilinx:tag>
        <xilinx:tag xilinx:name="ui.data.coregen.dd@1d4d255b_ARCHIVE_LOCATION">c:/Users/Chase/ip_repo/My_PmodHB3_1.0</xilinx:tag>
        <xilinx:tag xilinx:name="ui.data.coregen.dd@55dccd7c_ARCHIVE_LOCATION">c:/Users/Chase/ip_repo/My_PmodHB3_1.0</xilinx:tag>
        <xilinx:tag xilinx:name="ui.data.coregen.dd@4251c530_ARCHIVE_LOCATION">c:/Users/Chase/ip_repo/My_PmodHB3_1.0</xilinx:tag>
        <xilinx:tag xilinx:name="ui.data.coregen.dd@7ba6352a_ARCHIVE_LOCATION">c:/Users/Chase/ip_repo/My_PmodHB3_1.0</xilinx:tag>
        <xilinx:tag xilinx:name="ui.data.coregen.dd@732fe94c_ARCHIVE_LOCATION">c:/Users/Chase/ip_repo/My_PmodHB3_1.0</xilinx:tag>
        <xilinx:tag xilinx:name="ui.data.coregen.dd@7cac904e_ARCHIVE_LOCATION">c:/Users/Chase/ip_repo/My_PmodHB3_1.0</xilinx:tag>
        <xilinx:tag xilinx:name="ui.data.coregen.dd@5848fe8a_ARCHIVE_LOCATION">c:/Users/Chase/ip_repo/My_PmodHB3_1.0</xilinx:tag>
        <xilinx:tag xilinx:name="ui.data.coregen.dd@5a80465b_ARCHIVE_LOCATION">c:/Users/Chase/ip_repo/My_PmodHB3_1.0</xilinx:tag>
        <xilinx:tag xilinx:name="ui.data.coregen.dd@597cac4_ARCHIVE_LOCATION">c:/Users/Chase/ip_repo/My_PmodHB3_1.0</xilinx:tag>
        <xilinx:tag xilinx:name="ui.data.coregen.dd@575d7476_ARCHIVE_LOCATION">c:/Users/Chase/ip_repo/My_PmodHB3_1.0</xilinx:tag>
        <xilinx:tag xilinx:name="ui.data.coregen.dd@6ff99dcd_ARCHIVE_LOCATION">c:/Users/Chase/ip_repo/My_PmodHB3_1.0</xilinx:tag>
        <xilinx:tag xilinx:name="ui.data.coregen.dd@b687786_ARCHIVE_LOCATION">c:/Users/Chase/ip_repo/My_PmodHB3_1.0</xilinx:tag>
        <xilinx:tag xilinx:name="ui.data.coregen.dd@4d6568c_ARCHIVE_LOCATION">c:/Users/Chase/ip_repo/My_PmodHB3_1.0</xilinx:tag>
        <xilinx:tag xilinx:name="ui.data.coregen.dd@569fb5fb_ARCHIVE_LOCATION">c:/Users/Chase/ip_repo/My_PmodHB3_1.0</xilinx:tag>
        <xilinx:tag xilinx:name="ui.data.coregen.dd@4e945730_ARCHIVE_LOCATION">c:/Users/Chase/ip_repo/My_PmodHB3_1.0</xilinx:tag>
        <xilinx:tag xilinx:name="ui.data.coregen.dd@4951c129_ARCHIVE_LOCATION">c:/Users/Chase/ip_repo/My_PmodHB3_1.0</xilinx:tag>
        <xilinx:tag xilinx:name="ui.data.coregen.dd@525f6bcc_ARCHIVE_LOCATION">c:/Users/Chase/ip_repo/My_PmodHB3_1.0</xilinx:tag>
        <xilinx:tag xilinx:name="ui.data.coregen.dd@3167e363_ARCHIVE_LOCATION">c:/Users/Chase/ip_repo/My_PmodHB3_1.0</xilinx:tag>
        <xilinx:tag xilinx:name="ui.data.coregen.dd@780fab91_ARCHIVE_LOCATION">c:/Users/Chase/ip_repo/My_PmodHB3_1.0</xilinx:tag>
        <xilinx:tag xilinx:name="ui.data.coregen.dd@1268fe16_ARCHIVE_LOCATION">c:/Users/Chase/ip_repo/My_PmodHB3_1.0</xilinx:tag>
        <xilinx:tag xilinx:name="ui.data.coregen.dd@3a3d7635_ARCHIVE_LOCATION">c:/Users/Chase/ip_repo/My_PmodHB3_1.0</xilinx:tag>
        <xilinx:tag xilinx:name="ui.data.coregen.dd@15bd03d1_ARCHIVE_LOCATION">c:/Users/Chase/ip_repo/My_PmodHB3_1.0</xilinx:tag>
        <xilinx:tag xilinx:name="ui.data.coregen.dd@759060c1_ARCHIVE_LOCATION">c:/Users/Chase/ip_repo/My_PmodHB3_1.0</xilinx:tag>
        <xilinx:tag xilinx:name="ui.data.coregen.dd@2d115217_ARCHIVE_LOCATION">c:/Users/Chase/ip_repo/My_PmodHB3_1.0</xilinx:tag>
        <xilinx:tag xilinx:name="ui.data.coregen.dd@38fc61ba_ARCHIVE_LOCATION">c:/Users/Chase/ip_repo/My_PmodHB3_1.0</xilinx:tag>
        <xilinx:tag xilinx:name="ui.data.coregen.dd@8fa0fac_ARCHIVE_LOCATION">c:/Users/Chase/ip_repo/My_PmodHB3_1.0</xilinx:tag>
        <xilinx:tag xilinx:name="ui.data.coregen.dd@480de405_ARCHIVE_LOCATION">c:/Users/Chase/ip_repo/My_PmodHB3_1.0</xilinx:tag>
        <xilinx:tag xilinx:name="ui.data.coregen.dd@7eea17fd_ARCHIVE_LOCATION">c:/Users/Chase/ip_repo/My_PmodHB3_1.0</xilinx:tag>
        <xilinx:tag xilinx:name="ui.data.coregen.dd@46fff11f_ARCHIVE_LOCATION">c:/Users/Chase/ip_repo/My_PmodHB3_1.0</xilinx:tag>
        <xilinx:tag xilinx:name="ui.data.coregen.dd@577aa513_ARCHIVE_LOCATION">c:/Users/Chase/ip_repo/My_PmodHB3_1.0</xilinx:tag>
        <xilinx:tag xilinx:name="ui.data.coregen.dd@47e0be54_ARCHIVE_LOCATION">c:/Users/Chase/ip_repo/My_PmodHB3_1.0</xilinx:tag>
        <xilinx:tag xilinx:name="ui.data.coregen.dd@3cb972d8_ARCHIVE_LOCATION">c:/Users/Chase/ip_repo/My_PmodHB3_1.0</xilinx:tag>
        <xilinx:tag xilinx:name="ui.data.coregen.dd@47a94b91_ARCHIVE_LOCATION">c:/Users/Chase/ip_repo/My_PmodHB3_1.0</xilinx:tag>
        <xilinx:tag xilinx:name="ui.data.coregen.dd@183c27c1_ARCHIVE_LOCATION">c:/Users/Chase/ip_repo/My_PmodHB3_1.0</xilinx:tag>
        <xilinx:tag xilinx:name="ui.data.coregen.dd@2cb92543_ARCHIVE_LOCATION">c:/Users/Chase/ip_repo/My_PmodHB3_1.0</xilinx:tag>
        <xilinx:tag xilinx:name="ui.data.coregen.dd@1afedea5_ARCHIVE_LOCATION">c:/Users/Chase/ip_repo/My_PmodHB3_1.0</xilinx:tag>
        <xilinx:tag xilinx:name="ui.data.coregen.dd@9b7f215_ARCHIVE_LOCATION">c:/Users/Chase/ip_repo/My_PmodHB3_1.0</xilinx:tag>
        <xilinx:tag xilinx:name="ui.data.coregen.dd@306b32ad_ARCHIVE_LOCATION">c:/Users/Chase/ip_repo/My_PmodHB3_1.0</xilinx:tag>
        <xilinx:tag xilinx:name="ui.data.coregen.dd@61f0b487_ARCHIVE_LOCATION">c:/Users/Chase/ip_repo/My_PmodHB3_1.0</xilinx:tag>
        <xilinx:tag xilinx:name="ui.data.coregen.dd@3e5cf548_ARCHIVE_LOCATION">c:/Users/Chase/ip_repo/My_PmodHB3_1.0</xilinx:tag>
        <xilinx:tag xilinx:name="ui.data.coregen.dd@c9c330c_ARCHIVE_LOCATION">c:/Users/Chase/ip_repo/My_PmodHB3_1.0</xilinx:tag>
        <xilinx:tag xilinx:name="ui.data.coregen.dd@49555330_ARCHIVE_LOCATION">c:/Users/Chase/ip_repo/My_PmodHB3_1.0</xilinx:tag>
        <xilinx:tag xilinx:name="ui.data.coregen.dd@bb886a9_ARCHIVE_LOCATION">c:/Users/Chase/ip_repo/My_PmodHB3_1.0</xilinx:tag>
        <xilinx:tag xilinx:name="ui.data.coregen.dd@529f2e56_ARCHIVE_LOCATION">c:/Users/Chase/ip_repo/My_PmodHB3_1.0</xilinx:tag>
        <xilinx:tag xilinx:name="ui.data.coregen.dd@3c0878a7_ARCHIVE_LOCATION">c:/Users/Chase/ip_repo/My_PmodHB3_1.0</xilinx:tag>
        <xilinx:tag xilinx:name="ui.data.coregen.dd@ffcb336_ARCHIVE_LOCATION">c:/Users/Chase/ip_repo/My_PmodHB3_1.0</xilinx:tag>
        <xilinx:tag xilinx:name="ui.data.coregen.dd@5d05c31_ARCHIVE_LOCATION">c:/Users/Chase/ip_repo/My_PmodHB3_1.0</xilinx:tag>
        <xilinx:tag xilinx:name="ui.data.coregen.dd@696442be_ARCHIVE_LOCATION">c:/Users/Chase/ip_repo/My_PmodHB3_1.0</xilinx:tag>
        <xilinx:tag xilinx:name="ui.data.coregen.dd@3e8f9feb_ARCHIVE_LOCATION">c:/Users/Chase/ip_repo/My_PmodHB3_1.0</xilinx:tag>
        <xilinx:tag xilinx:name="ui.data.coregen.dd@32f2b721_ARCHIVE_LOCATION">c:/Users/Chase/ip_repo/My_PmodHB3_1.0</xilinx:tag>
        <xilinx:tag xilinx:name="ui.data.coregen.dd@5a889f5c_ARCHIVE_LOCATION">c:/Users/Chase/ip_repo/My_PmodHB3_1.0</xilinx:tag>
        <xilinx:tag xilinx:name="ui.data.coregen.dd@282c549c_ARCHIVE_LOCATION">c:/Users/Chase/ip_repo/My_PmodHB3_1.0</xilinx:tag>
        <xilinx:tag xilinx:name="ui.data.coregen.dd@37b2c0d_ARCHIVE_LOCATION">c:/Users/Chase/ip_repo/My_PmodHB3_1.0</xilinx:tag>
        <xilinx:tag xilinx:name="ui.data.coregen.dd@5e63f545_ARCHIVE_LOCATION">c:/Users/Chase/ip_repo/My_PmodHB3_1.0</xilinx:tag>
        <xilinx:tag xilinx:name="ui.data.coregen.dd@79a6fcad_ARCHIVE_LOCATION">c:/Users/Chase/ip_repo/My_PmodHB3_1.0</xilinx:tag>
        <xilinx:tag xilinx:name="ui.data.coregen.dd@141ae88_ARCHIVE_LOCATION">c:/Users/Chase/ip_repo/My_PmodHB3_1.0</xilinx:tag>
        <xilinx:tag xilinx:name="ui.data.coregen.dd@3ea876d7_ARCHIVE_LOCATION">c:/Users/Chase/ip_repo/My_PmodHB3_1.0</xilinx:tag>
        <xilinx:tag xilinx:name="ui.data.coregen.dd@61d97549_ARCHIVE_LOCATION">c:/Users/Chase/ip_repo/My_PmodHB3_1.0</xilinx:tag>
        <xilinx:tag xilinx:name="ui.data.coregen.dd@339cad01_ARCHIVE_LOCATION">c:/Users/Chase/ip_repo/My_PmodHB3_1.0</xilinx:tag>
        <xilinx:tag xilinx:name="ui.data.coregen.dd@26e97f51_ARCHIVE_LOCATION">c:/Users/Chase/ip_repo/My_PmodHB3_1.0</xilinx:tag>
        <xilinx:tag xilinx:name="ui.data.coregen.dd@3e2bdb2c_ARCHIVE_LOCATION">c:/Users/Chase/ip_repo/My_PmodHB3_1.0</xilinx:tag>
        <xilinx:tag xilinx:name="ui.data.coregen.dd@7d80dd18_ARCHIVE_LOCATION">c:/Users/Chase/ip_repo/My_PmodHB3_1.0</xilinx:tag>
        <xilinx:tag xilinx:name="ui.data.coregen.dd@1a1a1b_ARCHIVE_LOCATION">c:/Users/Chase/ip_repo/My_PmodHB3_1.0</xilinx:tag>
        <xilinx:tag xilinx:name="ui.data.coregen.dd@14dffc98_ARCHIVE_LOCATION">c:/Users/Chase/ip_repo/My_PmodHB3_1.0</xilinx:tag>
        <xilinx:tag xilinx:name="ui.data.coregen.dd@5987c522_ARCHIVE_LOCATION">c:/Users/Chase/ip_repo/My_PmodHB3_1.0</xilinx:tag>
        <xilinx:tag xilinx:name="ui.data.coregen.dd@73e2cf28_ARCHIVE_LOCATION">c:/Users/Chase/ip_repo/My_PmodHB3_1.0</xilinx:tag>
        <xilinx:tag xilinx:name="ui.data.coregen.dd@6c5a70e3_ARCHIVE_LOCATION">c:/Users/Chase/ip_repo/My_PmodHB3_1.0</xilinx:tag>
        <xilinx:tag xilinx:name="ui.data.coregen.dd@4b8aaf3b_ARCHIVE_LOCATION">c:/Users/Chase/ip_repo/My_PmodHB3_1.0</xilinx:tag>
        <xilinx:tag xilinx:name="ui.data.coregen.dd@75060155_ARCHIVE_LOCATION">c:/Users/Chase/ip_repo/My_PmodHB3_1.0</xilinx:tag>
        <xilinx:tag xilinx:name="ui.data.coregen.dd@192075e3_ARCHIVE_LOCATION">c:/Users/Chase/ip_repo/My_PmodHB3_1.0</xilinx:tag>
        <xilinx:tag xilinx:name="ui.data.coregen.dd@4eef9d2a_ARCHIVE_LOCATION">c:/Users/Chase/ip_repo/My_PmodHB3_1.0</xilinx:tag>
        <xilinx:tag xilinx:name="ui.data.coregen.dd@3a21b93f_ARCHIVE_LOCATION">c:/Users/Chase/ip_repo/My_PmodHB3_1.0</xilinx:tag>
        <xilinx:tag xilinx:name="ui.data.coregen.dd@3d71de6e_ARCHIVE_LOCATION">c:/Users/Chase/ip_repo/My_PmodHB3_1.0</xilinx:tag>
        <xilinx:tag xilinx:name="ui.data.coregen.dd@5eb7fed1_ARCHIVE_LOCATION">c:/Users/Chase/ip_repo/My_PmodHB3_1.0</xilinx:tag>
        <xilinx:tag xilinx:name="ui.data.coregen.dd@4d85931c_ARCHIVE_LOCATION">c:/Users/Chase/ip_repo/My_PmodHB3_1.0</xilinx:tag>
        <xilinx:tag xilinx:name="ui.data.coregen.dd@849a37e_ARCHIVE_LOCATION">c:/Users/Chase/ip_repo/My_PmodHB3_1.0</xilinx:tag>
        <xilinx:tag xilinx:name="ui.data.coregen.dd@67543fd2_ARCHIVE_LOCATION">c:/Users/Chase/ip_repo/My_PmodHB3_1.0</xilinx:tag>
        <xilinx:tag xilinx:name="ui.data.coregen.dd@7ebe6d0d_ARCHIVE_LOCATION">c:/Users/Chase/ip_repo/My_PmodHB3_1.0</xilinx:tag>
        <xilinx:tag xilinx:name="ui.data.coregen.dd@70d3b280_ARCHIVE_LOCATION">c:/Users/Chase/ip_repo/My_PmodHB3_1.0</xilinx:tag>
        <xilinx:tag xilinx:name="ui.data.coregen.dd@3a7b8c3a_ARCHIVE_LOCATION">c:/Users/Chase/ip_repo/My_PmodHB3_1.0</xilinx:tag>
        <xilinx:tag xilinx:name="ui.data.coregen.dd@22c60ae1_ARCHIVE_LOCATION">c:/Users/Chase/ip_repo/My_PmodHB3_1.0</xilinx:tag>
        <xilinx:tag xilinx:name="ui.data.coregen.dd@75d6b869_ARCHIVE_LOCATION">c:/Users/Chase/ip_repo/My_PmodHB3_1.0</xilinx:tag>
        <xilinx:tag xilinx:name="ui.data.coregen.dd@6d043803_ARCHIVE_LOCATION">c:/Users/Chase/ip_repo/My_PmodHB3_1.0</xilinx:tag>
        <xilinx:tag xilinx:name="ui.data.coregen.dd@2dd83eed_ARCHIVE_LOCATION">c:/Users/Chase/ip_repo/My_PmodHB3_1.0</xilinx:tag>
        <xilinx:tag xilinx:name="ui.data.coregen.dd@588e4011_ARCHIVE_LOCATION">c:/Users/Chase/ip_repo/My_PmodHB3_1.0</xilinx:tag>
        <xilinx:tag xilinx:name="ui.data.coregen.dd@81a6ba4_ARCHIVE_LOCATION">c:/Users/Chase/ip_repo/My_PmodHB3_1.0</xilinx:tag>
        <xilinx:tag xilinx:name="ui.data.coregen.dd@34e46eed_ARCHIVE_LOCATION">c:/Users/Chase/ip_repo/My_PmodHB3_1.0</xilinx:tag>
        <xilinx:tag xilinx:name="ui.data.coregen.dd@5016ad53_ARCHIVE_LOCATION">c:/Users/Chase/ip_repo/My_PmodHB3_1.0</xilinx:tag>
        <xilinx:tag xilinx:name="ui.data.coregen.dd@5af79da8_ARCHIVE_LOCATION">c:/Users/Chase/ip_repo/My_PmodHB3_1.0</xilinx:tag>
        <xilinx:tag xilinx:name="ui.data.coregen.dd@6bf699e6_ARCHIVE_LOCATION">c:/Users/Chase/ip_repo/My_PmodHB3_1.0</xilinx:tag>
        <xilinx:tag xilinx:name="ui.data.coregen.dd@11c89f76_ARCHIVE_LOCATION">c:/Users/Chase/ip_repo/My_PmodHB3_1.0</xilinx:tag>
        <xilinx:tag xilinx:name="ui.data.coregen.dd@3672a24e_ARCHIVE_LOCATION">c:/Users/Chase/ip_repo/My_PmodHB3_1.0</xilinx:tag>
        <xilinx:tag xilinx:name="ui.data.coregen.dd@1b91a799_ARCHIVE_LOCATION">c:/Users/Chase/ip_repo/My_PmodHB3_1.0</xilinx:tag>
        <xilinx:tag xilinx:name="ui.data.coregen.dd@4f6df541_ARCHIVE_LOCATION">c:/Users/Chase/ip_repo/My_PmodHB3_1.0</xilinx:tag>
        <xilinx:tag xilinx:name="ui.data.coregen.dd@2a6ed6f4_ARCHIVE_LOCATION">c:/Users/Chase/ip_repo/My_PmodHB3_1.0</xilinx:tag>
        <xilinx:tag xilinx:name="ui.data.coregen.dd@2d821e9d_ARCHIVE_LOCATION">c:/Users/Chase/ip_repo/My_PmodHB3_1.0</xilinx:tag>
        <xilinx:tag xilinx:name="ui.data.coregen.dd@17f5ffa_ARCHIVE_LOCATION">c:/Users/Chase/ip_repo/My_PmodHB3_1.0</xilinx:tag>
        <xilinx:tag xilinx:name="ui.data.coregen.dd@20b27e51_ARCHIVE_LOCATION">c:/Users/Chase/ip_repo/My_PmodHB3_1.0</xilinx:tag>
        <xilinx:tag xilinx:name="ui.data.coregen.dd@13cb2a3_ARCHIVE_LOCATION">c:/Users/Chase/ip_repo/My_PmodHB3_1.0</xilinx:tag>
        <xilinx:tag xilinx:name="ui.data.coregen.dd@142d8b4f_ARCHIVE_LOCATION">c:/Users/Chase/ip_repo/My_PmodHB3_1.0</xilinx:tag>
        <xilinx:tag xilinx:name="ui.data.coregen.dd@50630bff_ARCHIVE_LOCATION">c:/Users/Chase/ip_repo/My_PmodHB3_1.0</xilinx:tag>
        <xilinx:tag xilinx:name="ui.data.coregen.dd@897fc27_ARCHIVE_LOCATION">c:/Users/Chase/ip_repo/My_PmodHB3_1.0</xilinx:tag>
        <xilinx:tag xilinx:name="ui.data.coregen.dd@1f614db8_ARCHIVE_LOCATION">c:/Users/Chase/ip_repo/My_PmodHB3_1.0</xilinx:tag>
        <xilinx:tag xilinx:name="ui.data.coregen.dd@55ef2ad7_ARCHIVE_LOCATION">c:/Users/Chase/ip_repo/My_PmodHB3_1.0</xilinx:tag>
        <xilinx:tag xilinx:name="ui.data.coregen.dd@5d2cc011_ARCHIVE_LOCATION">c:/Users/Chase/ip_repo/My_PmodHB3_1.0</xilinx:tag>
        <xilinx:tag xilinx:name="ui.data.coregen.dd@4c57b3e3_ARCHIVE_LOCATION">c:/Users/Chase/ip_repo/My_PmodHB3_1.0</xilinx:tag>
        <xilinx:tag xilinx:name="ui.data.coregen.dd@a26587c_ARCHIVE_LOCATION">c:/Users/Chase/ip_repo/My_PmodHB3_1.0</xilinx:tag>
        <xilinx:tag xilinx:name="ui.data.coregen.dd@542babb_ARCHIVE_LOCATION">c:/Users/Chase/ip_repo/My_PmodHB3_1.0</xilinx:tag>
        <xilinx:tag xilinx:name="ui.data.coregen.dd@355f5fa1_ARCHIVE_LOCATION">c:/Users/Chase/ip_repo/My_PmodHB3_1.0</xilinx:tag>
        <xilinx:tag xilinx:name="ui.data.coregen.dd@5e7ce1d9_ARCHIVE_LOCATION">c:/Users/Chase/ip_repo/My_PmodHB3_1.0</xilinx:tag>
        <xilinx:tag xilinx:name="ui.data.coregen.dd@65ac9fd9_ARCHIVE_LOCATION">c:/Users/Chase/ip_repo/My_PmodHB3_1.0</xilinx:tag>
        <xilinx:tag xilinx:name="ui.data.coregen.dd@5232f190_ARCHIVE_LOCATION">c:/Users/Chase/ip_repo/My_PmodHB3_1.0</xilinx:tag>
        <xilinx:tag xilinx:name="ui.data.coregen.dd@188f4ffb_ARCHIVE_LOCATION">c:/Users/Chase/ip_repo/My_PmodHB3_1.0</xilinx:tag>
        <xilinx:tag xilinx:name="ui.data.coregen.dd@702c23d5_ARCHIVE_LOCATION">c:/Users/Chase/ip_repo/My_PmodHB3_1.0</xilinx:tag>
        <xilinx:tag xilinx:name="ui.data.coregen.dd@6e01ba75_ARCHIVE_LOCATION">c:/Users/Chase/ip_repo/My_PmodHB3_1.0</xilinx:tag>
        <xilinx:tag xilinx:name="ui.data.coregen.dd@df71f6d_ARCHIVE_LOCATION">c:/Users/Chase/ip_repo/My_PmodHB3_1.0</xilinx:tag>
        <xilinx:tag xilinx:name="ui.data.coregen.dd@75543d82_ARCHIVE_LOCATION">c:/Users/Chase/ip_repo/My_PmodHB3_1.0</xilinx:tag>
        <xilinx:tag xilinx:name="ui.data.coregen.dd@743c75a0_ARCHIVE_LOCATION">c:/Users/Chase/ip_repo/My_PmodHB3_1.0</xilinx:tag>
        <xilinx:tag xilinx:name="ui.data.coregen.dd@71b81a7d_ARCHIVE_LOCATION">c:/Users/Chase/ip_repo/My_PmodHB3_1.0</xilinx:tag>
        <xilinx:tag xilinx:name="ui.data.coregen.dd@5b8f2ee6_ARCHIVE_LOCATION">c:/Users/Chase/ip_repo/My_PmodHB3_1.0</xilinx:tag>
        <xilinx:tag xilinx:name="ui.data.coregen.dd@71a2eee2_ARCHIVE_LOCATION">c:/Users/Chase/ip_repo/My_PmodHB3_1.0</xilinx:tag>
        <xilinx:tag xilinx:name="ui.data.coregen.dd@3aef6401_ARCHIVE_LOCATION">c:/Users/Chase/ip_repo/My_PmodHB3_1.0</xilinx:tag>
        <xilinx:tag xilinx:name="ui.data.coregen.dd@40d5cf88_ARCHIVE_LOCATION">c:/Users/Chase/ip_repo/My_PmodHB3_1.0</xilinx:tag>
        <xilinx:tag xilinx:name="ui.data.coregen.dd@4cd2e587_ARCHIVE_LOCATION">c:/Users/Chase/ip_repo/My_PmodHB3_1.0</xilinx:tag>
        <xilinx:tag xilinx:name="ui.data.coregen.dd@217d2e97_ARCHIVE_LOCATION">c:/Users/Chase/ip_repo/My_PmodHB3_1.0</xilinx:tag>
        <xilinx:tag xilinx:name="ui.data.coregen.dd@429bc3eb_ARCHIVE_LOCATION">c:/Users/Chase/ip_repo/My_PmodHB3_1.0</xilinx:tag>
        <xilinx:tag xilinx:name="ui.data.coregen.dd@5da3d477_ARCHIVE_LOCATION">c:/Users/Chase/ip_repo/My_PmodHB3_1.0</xilinx:tag>
        <xilinx:tag xilinx:name="ui.data.coregen.dd@149184d8_ARCHIVE_LOCATION">c:/Users/Chase/ip_repo/My_PmodHB3_1.0</xilinx:tag>
        <xilinx:tag xilinx:name="ui.data.coregen.dd@74bb40a9_ARCHIVE_LOCATION">c:/Users/Chase/ip_repo/My_PmodHB3_1.0</xilinx:tag>
        <xilinx:tag xilinx:name="ui.data.coregen.dd@2da987aa_ARCHIVE_LOCATION">c:/Users/Chase/ip_repo/My_PmodHB3_1.0</xilinx:tag>
        <xilinx:tag xilinx:name="ui.data.coregen.dd@1dc11715_ARCHIVE_LOCATION">c:/Users/Chase/ip_repo/My_PmodHB3_1.0</xilinx:tag>
        <xilinx:tag xilinx:name="ui.data.coregen.dd@5f175960_ARCHIVE_LOCATION">c:/Users/Chase/ip_repo/My_PmodHB3_1.0</xilinx:tag>
        <xilinx:tag xilinx:name="ui.data.coregen.dd@3877a79a_ARCHIVE_LOCATION">c:/Users/Chase/ip_repo/My_PmodHB3_1.0</xilinx:tag>
        <xilinx:tag xilinx:name="ui.data.coregen.dd@176932e_ARCHIVE_LOCATION">c:/Users/Chase/ip_repo/My_PmodHB3_1.0</xilinx:tag>
        <xilinx:tag xilinx:name="ui.data.coregen.dd@70ab62e6_ARCHIVE_LOCATION">c:/Users/Chase/ip_repo/My_PmodHB3_1.0</xilinx:tag>
        <xilinx:tag xilinx:name="ui.data.coregen.dd@b1068d5_ARCHIVE_LOCATION">c:/Users/Chase/ip_repo/My_PmodHB3_1.0</xilinx:tag>
        <xilinx:tag xilinx:name="ui.data.coregen.dd@3ebfe67e_ARCHIVE_LOCATION">c:/Users/Chase/ip_repo/My_PmodHB3_1.0</xilinx:tag>
        <xilinx:tag xilinx:name="ui.data.coregen.dd@4ee8c8ce_ARCHIVE_LOCATION">c:/Users/Chase/ip_repo/My_PmodHB3_1.0</xilinx:tag>
        <xilinx:tag xilinx:name="ui.data.coregen.dd@234b13e5_ARCHIVE_LOCATION">c:/Users/Chase/ip_repo/My_PmodHB3_1.0</xilinx:tag>
        <xilinx:tag xilinx:name="ui.data.coregen.dd@5372227e_ARCHIVE_LOCATION">c:/Users/Chase/ip_repo/My_PmodHB3_1.0</xilinx:tag>
        <xilinx:tag xilinx:name="ui.data.coregen.dd@52b2e848_ARCHIVE_LOCATION">c:/Users/Chase/ip_repo/My_PmodHB3_1.0</xilinx:tag>
        <xilinx:tag xilinx:name="ui.data.coregen.dd@689b9f09_ARCHIVE_LOCATION">c:/Users/Chase/ip_repo/My_PmodHB3_1.0</xilinx:tag>
        <xilinx:tag xilinx:name="ui.data.coregen.dd@312c5bef_ARCHIVE_LOCATION">c:/Users/Chase/ip_repo/My_PmodHB3_1.0</xilinx:tag>
        <xilinx:tag xilinx:name="ui.data.coregen.dd@4f4704d8_ARCHIVE_LOCATION">c:/Users/Chase/ip_repo/My_PmodHB3_1.0</xilinx:tag>
        <xilinx:tag xilinx:name="ui.data.coregen.dd@4b074d32_ARCHIVE_LOCATION">c:/Users/Chase/ip_repo/My_PmodHB3_1.0</xilinx:tag>
        <xilinx:tag xilinx:name="ui.data.coregen.dd@22b75ef9_ARCHIVE_LOCATION">c:/Users/Chase/ip_repo/My_PmodHB3_1.0</xilinx:tag>
        <xilinx:tag xilinx:name="ui.data.coregen.dd@700c1439_ARCHIVE_LOCATION">c:/Users/Chase/ip_repo/My_PmodHB3_1.0</xilinx:tag>
        <xilinx:tag xilinx:name="ui.data.coregen.dd@35f4aec3_ARCHIVE_LOCATION">c:/Users/Chase/ip_repo/My_PmodHB3_1.0</xilinx:tag>
        <xilinx:tag xilinx:name="ui.data.coregen.dd@3c04a3e6_ARCHIVE_LOCATION">c:/Users/Chase/ip_repo/My_PmodHB3_1.0</xilinx:tag>
        <xilinx:tag xilinx:name="ui.data.coregen.dd@731998d1_ARCHIVE_LOCATION">c:/Users/Chase/ip_repo/My_PmodHB3_1.0</xilinx:tag>
        <xilinx:tag xilinx:name="ui.data.coregen.dd@27c7346b_ARCHIVE_LOCATION">c:/Users/Chase/ip_repo/My_PmodHB3_1.0</xilinx:tag>
        <xilinx:tag xilinx:name="ui.data.coregen.dd@d33cae2_ARCHIVE_LOCATION">c:/Users/Chase/ip_repo/My_PmodHB3_1.0</xilinx:tag>
        <xilinx:tag xilinx:name="ui.data.coregen.dd@42ac05fb_ARCHIVE_LOCATION">c:/Users/Chase/ip_repo/My_PmodHB3_1.0</xilinx:tag>
        <xilinx:tag xilinx:name="ui.data.coregen.dd@138a79df_ARCHIVE_LOCATION">c:/Users/Chase/ip_repo/My_PmodHB3_1.0</xilinx:tag>
        <xilinx:tag xilinx:name="ui.data.coregen.dd@3ed7a7df_ARCHIVE_LOCATION">c:/Users/Chase/ip_repo/My_PmodHB3_1.0</xilinx:tag>
        <xilinx:tag xilinx:name="ui.data.coregen.dd@31304d95_ARCHIVE_LOCATION">c:/Users/Chase/ip_repo/My_PmodHB3_1.0</xilinx:tag>
        <xilinx:tag xilinx:name="ui.data.coregen.dd@69faa3a5_ARCHIVE_LOCATION">c:/Users/Chase/ip_repo/My_PmodHB3_1.0</xilinx:tag>
        <xilinx:tag xilinx:name="ui.data.coregen.dd@364e0e75_ARCHIVE_LOCATION">c:/Users/Chase/ip_repo/My_PmodHB3_1.0</xilinx:tag>
        <xilinx:tag xilinx:name="ui.data.coregen.dd@53462d45_ARCHIVE_LOCATION">c:/Users/Chase/ip_repo/My_PmodHB3_1.0</xilinx:tag>
        <xilinx:tag xilinx:name="ui.data.coregen.dd@6c97620f_ARCHIVE_LOCATION">c:/Users/Chase/ip_repo/My_PmodHB3_1.0</xilinx:tag>
        <xilinx:tag xilinx:name="ui.data.coregen.dd@4e744157_ARCHIVE_LOCATION">c:/Users/Chase/ip_repo/My_PmodHB3_1.0</xilinx:tag>
        <xilinx:tag xilinx:name="ui.data.coregen.dd@2c68acc8_ARCHIVE_LOCATION">c:/Users/Chase/ip_repo/My_PmodHB3_1.0</xilinx:tag>
        <xilinx:tag xilinx:name="ui.data.coregen.dd@49021464_ARCHIVE_LOCATION">c:/Users/Chase/ip_repo/My_PmodHB3_1.0</xilinx:tag>
        <xilinx:tag xilinx:name="ui.data.coregen.dd@38a645ee_ARCHIVE_LOCATION">c:/Users/Chase/ip_repo/My_PmodHB3_1.0</xilinx:tag>
        <xilinx:tag xilinx:name="ui.data.coregen.dd@29f09946_ARCHIVE_LOCATION">c:/Users/Chase/ip_repo/My_PmodHB3_1.0</xilinx:tag>
        <xilinx:tag xilinx:name="ui.data.coregen.dd@6d5b97b7_ARCHIVE_LOCATION">c:/Users/Chase/ip_repo/My_PmodHB3_1.0</xilinx:tag>
        <xilinx:tag xilinx:name="ui.data.coregen.dd@52cd09dd_ARCHIVE_LOCATION">c:/Users/Chase/ip_repo/My_PmodHB3_1.0</xilinx:tag>
        <xilinx:tag xilinx:name="ui.data.coregen.dd@21d925f6_ARCHIVE_LOCATION">c:/Users/Chase/ip_repo/My_PmodHB3_1.0</xilinx:tag>
        <xilinx:tag xilinx:name="ui.data.coregen.dd@66de6c3f_ARCHIVE_LOCATION">c:/Users/Chase/ip_repo/My_PmodHB3_1.0</xilinx:tag>
        <xilinx:tag xilinx:name="ui.data.coregen.dd@60bd4102_ARCHIVE_LOCATION">c:/Users/Chase/ip_repo/My_PmodHB3_1.0</xilinx:tag>
        <xilinx:tag xilinx:name="ui.data.coregen.dd@1387dd44_ARCHIVE_LOCATION">c:/Users/Chase/ip_repo/My_PmodHB3_1.0</xilinx:tag>
        <xilinx:tag xilinx:name="ui.data.coregen.dd@5c3a751_ARCHIVE_LOCATION">c:/Users/Chase/ip_repo/My_PmodHB3_1.0</xilinx:tag>
        <xilinx:tag xilinx:name="ui.data.coregen.dd@3e69c1d8_ARCHIVE_LOCATION">c:/Users/Chase/ip_repo/My_PmodHB3_1.0</xilinx:tag>
        <xilinx:tag xilinx:name="ui.data.coregen.dd@390cfde2_ARCHIVE_LOCATION">c:/Users/Chase/ip_repo/My_PmodHB3_1.0</xilinx:tag>
        <xilinx:tag xilinx:name="ui.data.coregen.dd@293ec216_ARCHIVE_LOCATION">c:/Users/Chase/ip_repo/My_PmodHB3_1.0</xilinx:tag>
        <xilinx:tag xilinx:name="ui.data.coregen.dd@5d7eb105_ARCHIVE_LOCATION">c:/Users/Chase/ip_repo/My_PmodHB3_1.0</xilinx:tag>
        <xilinx:tag xilinx:name="ui.data.coregen.dd@5cb2e9bf_ARCHIVE_LOCATION">c:/Users/Chase/ip_repo/My_PmodHB3_1.0</xilinx:tag>
        <xilinx:tag xilinx:name="ui.data.coregen.dd@34b5bebc_ARCHIVE_LOCATION">c:/Users/Chase/ip_repo/My_PmodHB3_1.0</xilinx:tag>
        <xilinx:tag xilinx:name="ui.data.coregen.dd@7541f97d_ARCHIVE_LOCATION">c:/Users/Chase/ip_repo/My_PmodHB3_1.0</xilinx:tag>
        <xilinx:tag xilinx:name="ui.data.coregen.dd@312d2ee1_ARCHIVE_LOCATION">c:/Users/Chase/ip_repo/My_PmodHB3_1.0</xilinx:tag>
        <xilinx:tag xilinx:name="ui.data.coregen.dd@55dd5628_ARCHIVE_LOCATION">c:/Users/Chase/ip_repo/My_PmodHB3_1.0</xilinx:tag>
        <xilinx:tag xilinx:name="ui.data.coregen.dd@6069e2cd_ARCHIVE_LOCATION">c:/Users/Chase/ip_repo/My_PmodHB3_1.0</xilinx:tag>
        <xilinx:tag xilinx:name="ui.data.coregen.dd@119abe67_ARCHIVE_LOCATION">c:/Users/Chase/ip_repo/My_PmodHB3_1.0</xilinx:tag>
        <xilinx:tag xilinx:name="ui.data.coregen.dd@1e6c2805_ARCHIVE_LOCATION">c:/Users/Chase/ip_repo/My_PmodHB3_1.0</xilinx:tag>
        <xilinx:tag xilinx:name="ui.data.coregen.dd@236a467e_ARCHIVE_LOCATION">c:/Users/Chase/ip_repo/My_PmodHB3_1.0</xilinx:tag>
        <xilinx:tag xilinx:name="ui.data.coregen.dd@6bb2f5c3_ARCHIVE_LOCATION">c:/Users/Chase/ip_repo/My_PmodHB3_1.0</xilinx:tag>
        <xilinx:tag xilinx:name="ui.data.coregen.dd@2207cc06_ARCHIVE_LOCATION">c:/Users/Chase/ip_repo/My_PmodHB3_1.0</xilinx:tag>
        <xilinx:tag xilinx:name="ui.data.coregen.dd@24cd57ae_ARCHIVE_LOCATION">c:/Users/Chase/ip_repo/My_PmodHB3_1.0</xilinx:tag>
        <xilinx:tag xilinx:name="ui.data.coregen.dd@52389f_ARCHIVE_LOCATION">c:/Users/Chase/ip_repo/My_PmodHB3_1.0</xilinx:tag>
        <xilinx:tag xilinx:name="ui.data.coregen.dd@bb34e8a_ARCHIVE_LOCATION">c:/Users/Chase/ip_repo/My_PmodHB3_1.0</xilinx:tag>
        <xilinx:tag xilinx:name="ui.data.coregen.dd@349aa917_ARCHIVE_LOCATION">c:/Users/Chase/ip_repo/My_PmodHB3_1.0</xilinx:tag>
        <xilinx:tag xilinx:name="ui.data.coregen.dd@1b6dfca8_ARCHIVE_LOCATION">c:/Users/Chase/ip_repo/My_PmodHB3_1.0</xilinx:tag>
        <xilinx:tag xilinx:name="ui.data.coregen.dd@62e0c2cc_ARCHIVE_LOCATION">c:/Users/Chase/ip_repo/My_PmodHB3_1.0</xilinx:tag>
        <xilinx:tag xilinx:name="ui.data.coregen.dd@5c965ee4_ARCHIVE_LOCATION">c:/Users/Chase/ip_repo/My_PmodHB3_1.0</xilinx:tag>
        <xilinx:tag xilinx:name="ui.data.coregen.dd@6675ca22_ARCHIVE_LOCATION">c:/Users/Chase/ip_repo/My_PmodHB3_1.0</xilinx:tag>
        <xilinx:tag xilinx:name="ui.data.coregen.dd@476cfd0a_ARCHIVE_LOCATION">c:/Users/Chase/ip_repo/My_PmodHB3_1.0</xilinx:tag>
        <xilinx:tag xilinx:name="ui.data.coregen.dd@ef3bce9_ARCHIVE_LOCATION">c:/Users/Chase/ip_repo/My_PmodHB3_1.0</xilinx:tag>
        <xilinx:tag xilinx:name="ui.data.coregen.dd@3742f008_ARCHIVE_LOCATION">c:/Users/Chase/ip_repo/My_PmodHB3_1.0</xilinx:tag>
        <xilinx:tag xilinx:name="ui.data.coregen.dd@4f59b5ca_ARCHIVE_LOCATION">c:/Users/Chase/ip_repo/My_PmodHB3_1.0</xilinx:tag>
        <xilinx:tag xilinx:name="ui.data.coregen.dd@b3a7bd7_ARCHIVE_LOCATION">c:/Users/Chase/ip_repo/My_PmodHB3_1.0</xilinx:tag>
        <xilinx:tag xilinx:name="ui.data.coregen.dd@2068f351_ARCHIVE_LOCATION">c:/Users/Chase/ip_repo/My_PmodHB3_1.0</xilinx:tag>
        <xilinx:tag xilinx:name="ui.data.coregen.dd@797b8fd7_ARCHIVE_LOCATION">c:/Users/Chase/ip_repo/My_PmodHB3_1.0</xilinx:tag>
        <xilinx:tag xilinx:name="ui.data.coregen.dd@18686c1c_ARCHIVE_LOCATION">c:/Users/Chase/ip_repo/My_PmodHB3_1.0</xilinx:tag>
        <xilinx:tag xilinx:name="ui.data.coregen.dd@6d79873e_ARCHIVE_LOCATION">c:/Users/Chase/ip_repo/My_PmodHB3_1.0</xilinx:tag>
        <xilinx:tag xilinx:name="ui.data.coregen.dd@7c69fc65_ARCHIVE_LOCATION">c:/Users/Chase/ip_repo/My_PmodHB3_1.0</xilinx:tag>
        <xilinx:tag xilinx:name="ui.data.coregen.dd@4e89eef8_ARCHIVE_LOCATION">c:/Users/Chase/ip_repo/My_PmodHB3_1.0</xilinx:tag>
        <xilinx:tag xilinx:name="ui.data.coregen.dd@67d6d7d4_ARCHIVE_LOCATION">c:/Users/Chase/ip_repo/My_PmodHB3_1.0</xilinx:tag>
        <xilinx:tag xilinx:name="ui.data.coregen.dd@7f727919_ARCHIVE_LOCATION">c:/Users/Chase/ip_repo/My_PmodHB3_1.0</xilinx:tag>
        <xilinx:tag xilinx:name="ui.data.coregen.dd@38fb4527_ARCHIVE_LOCATION">c:/Users/Chase/ip_repo/My_PmodHB3_1.0</xilinx:tag>
        <xilinx:tag xilinx:name="ui.data.coregen.dd@984384f_ARCHIVE_LOCATION">c:/Users/Chase/ip_repo/My_PmodHB3_1.0</xilinx:tag>
        <xilinx:tag xilinx:name="ui.data.coregen.dd@4b8b8762_ARCHIVE_LOCATION">c:/Users/Chase/ip_repo/My_PmodHB3_1.0</xilinx:tag>
        <xilinx:tag xilinx:name="ui.data.coregen.dd@79f12e4b_ARCHIVE_LOCATION">c:/Users/Chase/ip_repo/My_PmodHB3_1.0</xilinx:tag>
        <xilinx:tag xilinx:name="ui.data.coregen.dd@3e05871_ARCHIVE_LOCATION">c:/Users/Chase/ip_repo/My_PmodHB3_1.0</xilinx:tag>
        <xilinx:tag xilinx:name="ui.data.coregen.dd@76ab067f_ARCHIVE_LOCATION">c:/Users/Chase/ip_repo/My_PmodHB3_1.0</xilinx:tag>
        <xilinx:tag xilinx:name="ui.data.coregen.dd@4b9175bd_ARCHIVE_LOCATION">c:/Users/Chase/ip_repo/My_PmodHB3_1.0</xilinx:tag>
        <xilinx:tag xilinx:name="ui.data.coregen.dd@1db897fe_ARCHIVE_LOCATION">c:/Users/Chase/ip_repo/My_PmodHB3_1.0</xilinx:tag>
        <xilinx:tag xilinx:name="ui.data.coregen.dd@3e8c9648_ARCHIVE_LOCATION">c:/Users/Chase/ip_repo/My_PmodHB3_1.0</xilinx:tag>
        <xilinx:tag xilinx:name="ui.data.coregen.dd@1f8ef6a7_ARCHIVE_LOCATION">c:/Users/Chase/ip_repo/My_PmodHB3_1.0</xilinx:tag>
        <xilinx:tag xilinx:name="ui.data.coregen.dd@462a6876_ARCHIVE_LOCATION">c:/Users/Chase/ip_repo/My_PmodHB3_1.0</xilinx:tag>
        <xilinx:tag xilinx:name="ui.data.coregen.dd@1ef0e2ce_ARCHIVE_LOCATION">c:/Users/Chase/ip_repo/My_PmodHB3_1.0</xilinx:tag>
        <xilinx:tag xilinx:name="ui.data.coregen.dd@3b81aaeb_ARCHIVE_LOCATION">c:/Users/Chase/ip_repo/My_PmodHB3_1.0</xilinx:tag>
        <xilinx:tag xilinx:name="ui.data.coregen.dd@10eb6298_ARCHIVE_LOCATION">c:/Users/Chase/ip_repo/My_PmodHB3_1.0</xilinx:tag>
        <xilinx:tag xilinx:name="ui.data.coregen.dd@6bd01ee0_ARCHIVE_LOCATION">c:/Users/Chase/ip_repo/My_PmodHB3_1.0</xilinx:tag>
        <xilinx:tag xilinx:name="ui.data.coregen.dd@593430bb_ARCHIVE_LOCATION">c:/Users/Chase/ip_repo/My_PmodHB3_1.0</xilinx:tag>
        <xilinx:tag xilinx:name="ui.data.coregen.dd@51b9be97_ARCHIVE_LOCATION">c:/Users/Chase/ip_repo/My_PmodHB3_1.0</xilinx:tag>
        <xilinx:tag xilinx:name="ui.data.coregen.dd@47b721ff_ARCHIVE_LOCATION">c:/Users/Chase/ip_repo/My_PmodHB3_1.0</xilinx:tag>
        <xilinx:tag xilinx:name="ui.data.coregen.dd@39342836_ARCHIVE_LOCATION">c:/Users/Chase/ip_repo/My_PmodHB3_1.0</xilinx:tag>
        <xilinx:tag xilinx:name="ui.data.coregen.dd@4439fd3e_ARCHIVE_LOCATION">c:/Users/Chase/ip_repo/My_PmodHB3_1.0</xilinx:tag>
        <xilinx:tag xilinx:name="ui.data.coregen.dd@207b0724_ARCHIVE_LOCATION">c:/Users/Chase/ip_repo/My_PmodHB3_1.0</xilinx:tag>
        <xilinx:tag xilinx:name="ui.data.coregen.dd@65b7558c_ARCHIVE_LOCATION">c:/Users/Chase/ip_repo/My_PmodHB3_1.0</xilinx:tag>
        <xilinx:tag xilinx:name="ui.data.coregen.dd@5a65ac55_ARCHIVE_LOCATION">c:/Users/Chase/ip_repo/My_PmodHB3_1.0</xilinx:tag>
        <xilinx:tag xilinx:name="ui.data.coregen.dd@54bf6569_ARCHIVE_LOCATION">c:/Users/Chase/ip_repo/My_PmodHB3_1.0</xilinx:tag>
        <xilinx:tag xilinx:name="ui.data.coregen.dd@593c4b6b_ARCHIVE_LOCATION">c:/Users/Chase/ip_repo/My_PmodHB3_1.0</xilinx:tag>
        <xilinx:tag xilinx:name="ui.data.coregen.dd@34dc938b_ARCHIVE_LOCATION">c:/Users/Chase/ip_repo/My_PmodHB3_1.0</xilinx:tag>
        <xilinx:tag xilinx:name="ui.data.coregen.dd@6bf5e916_ARCHIVE_LOCATION">c:/Users/Chase/ip_repo/My_PmodHB3_1.0</xilinx:tag>
        <xilinx:tag xilinx:name="ui.data.coregen.dd@6a2a2047_ARCHIVE_LOCATION">c:/Users/Chase/ip_repo/My_PmodHB3_1.0</xilinx:tag>
        <xilinx:tag xilinx:name="ui.data.coregen.dd@2a29c4de_ARCHIVE_LOCATION">c:/Users/Chase/ip_repo/My_PmodHB3_1.0</xilinx:tag>
        <xilinx:tag xilinx:name="ui.data.coregen.dd@77f78a4a_ARCHIVE_LOCATION">c:/Users/Chase/ip_repo/My_PmodHB3_1.0</xilinx:tag>
        <xilinx:tag xilinx:name="ui.data.coregen.dd@2bf9bc53_ARCHIVE_LOCATION">c:/Users/Chase/ip_repo/My_PmodHB3_1.0</xilinx:tag>
        <xilinx:tag xilinx:name="ui.data.coregen.dd@c3a2400_ARCHIVE_LOCATION">c:/Users/Chase/ip_repo/My_PmodHB3_1.0</xilinx:tag>
        <xilinx:tag xilinx:name="ui.data.coregen.dd@5b507e0b_ARCHIVE_LOCATION">c:/Users/Chase/ip_repo/My_PmodHB3_1.0</xilinx:tag>
        <xilinx:tag xilinx:name="ui.data.coregen.dd@348116ea_ARCHIVE_LOCATION">c:/Users/Chase/ip_repo/My_PmodHB3_1.0</xilinx:tag>
        <xilinx:tag xilinx:name="ui.data.coregen.dd@a38073f_ARCHIVE_LOCATION">c:/Users/Chase/ip_repo/My_PmodHB3_1.0</xilinx:tag>
        <xilinx:tag xilinx:name="ui.data.coregen.dd@17350632_ARCHIVE_LOCATION">c:/Users/Chase/ip_repo/My_PmodHB3_1.0</xilinx:tag>
        <xilinx:tag xilinx:name="ui.data.coregen.dd@14dec756_ARCHIVE_LOCATION">c:/Users/Chase/ip_repo/My_PmodHB3_1.0</xilinx:tag>
        <xilinx:tag xilinx:name="ui.data.coregen.dd@349a44d0_ARCHIVE_LOCATION">c:/Users/Chase/ip_repo/My_PmodHB3_1.0</xilinx:tag>
        <xilinx:tag xilinx:name="ui.data.coregen.dd@5f05f40b_ARCHIVE_LOCATION">c:/Users/Chase/ip_repo/My_PmodHB3_1.0</xilinx:tag>
        <xilinx:tag xilinx:name="ui.data.coregen.dd@39daf381_ARCHIVE_LOCATION">c:/Users/Chase/ip_repo/My_PmodHB3_1.0</xilinx:tag>
        <xilinx:tag xilinx:name="ui.data.coregen.dd@66258d9d_ARCHIVE_LOCATION">c:/Users/Chase/ip_repo/My_PmodHB3_1.0</xilinx:tag>
      </xilinx:tags>
    </xilinx:coreExtensions>
    <xilinx:packagingInfo>
      <xilinx:xilinxVersion>2020.2</xilinx:xilinxVersion>
      <xilinx:checksum xilinx:scope="busInterfaces" xilinx:value="addc58e4"/>
      <xilinx:checksum xilinx:scope="memoryMaps" xilinx:value="ed1368d5"/>
      <xilinx:checksum xilinx:scope="fileGroups" xilinx:value="848dde77"/>
      <xilinx:checksum xilinx:scope="ports" xilinx:value="3b77827b"/>
      <xilinx:checksum xilinx:scope="hdlParameters" xilinx:value="e7b50784"/>
      <xilinx:checksum xilinx:scope="parameters" xilinx:value="be014296"/>
    </xilinx:packagingInfo>
  </spirit:vendorExtensions>
</spirit:component>
